receipt_number,purchase_order_number,purchase_order_line,receipt_date,receiving_facility_code,supplier_partner_code,received_quantity,received_unit,batch_reference,inspection_status,storage_location_code,receipt_status
RCV-2014-00001,PO-2014-00001,1,2014-07-08,FCL-1007,BP-30078,73,case,B-2014-44545,held,BIN-35,quality_hold
RCV-2015-00002,PO-2015-00001,1,2015-02-02,FCL-1010,BP-30068,0.9,service,B-2015-58495,accepted,BIN-36,posted
RCV-2015-00003,PO-2015-00002,1,2015-02-28,FCL-1030,BP-30066,1,service,B-2015-48474,held,BIN-17,quality_hold
RCV-2015-00004,PO-2015-00003,1,2015-03-02,FCL-1010,BP-30080,3,pack,B-2015-71913,accepted,BIN-16,posted
RCV-2015-00005,PO-2015-00004,1,2015-02-21,FCL-1022,BP-30021,1,grant,B-2015-31154,accepted,BIN-42,posted
RCV-2015-00006,PO-2015-00005,1,2015-03-13,FCL-1009,BP-30039,19,pallet,B-2015-15126,accepted,BIN-22,posted
RCV-2015-00007,PO-2015-00006,1,2015-03-10,FCL-1011,BP-30037,3,unit,B-2015-57188,accepted,BIN-03,posted
RCV-2015-00008,PO-2015-00007,1,2015-04-09,FCL-1019,BP-30039,1,service,B-2015-63040,accepted,BIN-32,posted
RCV-2015-00009,PO-2015-00008,1,2015-06-15,FCL-1007,BP-30028,1,kit,B-2015-43282,accepted,BIN-07,posted
RCV-2015-00010,PO-2015-00009,1,2015-06-22,FCL-1007,BP-30078,1,service,B-2015-67225,accepted,BIN-24,posted
RCV-2015-00011,PO-2015-00010,1,2015-07-19,FCL-1010,BP-30057,23,unit,B-2015-30475,accepted,BIN-04,posted
RCV-2015-00012,PO-2015-00011,1,2015-07-12,FCL-1011,BP-30009,1,contract,B-2015-73973,accepted,BIN-38,posted
RCV-2015-00013,PO-2015-00012,1,2015-07-27,FCL-1011,BP-30022,1,service,B-2015-57063,accepted,BIN-09,posted
RCV-2015-00014,PO-2015-00013,1,2015-08-22,FCL-1011,BP-30003,17,case,B-2015-71441,accepted,BIN-18,posted
RCV-2015-00015,PO-2015-00014,1,2015-08-15,FCL-1022,BP-30012,7,sealed_lot,B-2015-45320,accepted,BIN-36,posted
RCV-2015-00016,PO-2015-00015,1,2015-09-02,FCL-1023,BP-30057,37,pack,B-2015-70510,accepted,BIN-14,posted
RCV-2015-00017,PO-2015-00016,1,2015-09-18,FCL-1007,BP-30078,1,service,B-2015-57611,accepted,BIN-18,posted
RCV-2015-00018,PO-2015-00017,1,2015-09-16,FCL-1007,BP-30078,4,sealed_lot,B-2015-48740,accepted,BIN-20,posted
RCV-2015-00019,PO-2015-00018,1,2015-10-10,FCL-1009,BP-30079,1,service,B-2015-22943,conditional,BIN-28,posted
RCV-2015-00020,PO-2015-00019,1,2015-12-10,FCL-1008,BP-30009,31,pallet,B-2015-48430,accepted,BIN-13,posted
RCV-2015-00021,PO-2015-00020,1,2015-11-16,FCL-1007,BP-30078,4,case,B-2015-03133,accepted,BIN-41,posted
RCV-2016-00022,PO-2015-00021,1,2016-01-01,FCL-1011,BP-30011,6,case,B-2016-33616,accepted,BIN-08,posted
RCV-2015-00023,PO-2015-00022,1,2015-12-19,FCL-1007,BP-30078,36,pallet,B-2015-84550,conditional,BIN-07,posted
RCV-2016-00024,PO-2015-00024,1,2016-01-02,FCL-1010,BP-30046,14,case,B-2016-16112,accepted,BIN-17,posted
RCV-2015-00025,PO-2015-00025,1,2015-12-20,FCL-1015,BP-30066,14,unit,B-2015-55911,accepted,BIN-13,posted
RCV-2015-00026,PO-2015-00026,1,2015-12-29,FCL-1012,BP-30017,89,case,B-2015-73989,accepted,BIN-32,posted
RCV-2016-00027,PO-2016-00001,1,2016-02-21,FCL-1017,BP-30023,1,service,B-2016-31998,accepted,BIN-26,posted
RCV-2016-00028,PO-2016-00002,1,2016-02-23,FCL-1010,BP-30078,"56,41",case,B-2016-66046,accepted,BIN-37,posted
RCV-2016-00029,PO-2016-00003,1,2016-03-04,FCL-1009,BP-30013,7,case,B-2016-91369,accepted,BIN-22,posted
RCV-2016-00030,PO-2016-00004,1,2016-03-14,FCL-1002,BP-30033,10,case,B-2016-52838,accepted,BIN-27,posted
RCV-2016-00031,PO-2016-00005,1,2016-02-27,FCL-1011,BP-30012,20,unit,B-2016-13235,accepted,BIN-05,posted
RCV-2016-00032,PO-2016-00006,1,2016-03-18,FCL-1016,BP-30003,19,case,B-2016-13400,accepted,BIN-07,posted
RCV-2016-00033,PO-2016-00007,1,2016-04-05,FCL-1014,BP-30039,0.89,service,B-2016-66380,accepted,BIN-25,posted
RCV-2016-00034,PO-2016-00008,1,2016-03-30,FCL-1027,BP-30060,20,kit,B-2016-64752,conditional,BIN-35,posted
RCV-2016-00035,PO-2016-00009,1,2016-04-23,FCL-1010,BP-30068,55,pack,B-2016-49550,held,BIN-11,quality_hold
RCV-2016-00036,PO-2016-00010,1,2016-04-13,FCL-1010,BP-30054,6,case,B-2016-87541,accepted,BIN-22,posted
RCV-2016-00037,PO-2016-00011,1,2016-05-18,FCL-1030,BP-30028,1,grant,B-2016-18050,accepted,BIN-24,posted
RCV-2016-00038,PO-2016-00012,1,2016-07-01,FCL-1010,BP-30078,8,case,B-2016-12331,held,BIN-19,quality_hold
RCV-2016-00039,PO-2016-00013,1,2016-06-26,FCL-1005,BP-30046,18,unit,B-2016-74540,accepted,BIN-33,posted
RCV-2016-00040,PO-2016-00014,1,2016-08-11,FCL-1030,BP-30073,15,sealed_lot,B-2016-20835,accepted,BIN-35,posted
RCV-2016-00041,PO-2016-00015,1,2016-07-22,FCL-1007,BP-30078,2.44,case,B-2016-67390,accepted,BIN-15,posted
RCV-2016-00042,PO-2016-00016,1,2016-07-29,FCL-1007,BP-30078,28,case,B-2016-03344,accepted,BIN-03,posted
RCV-2016-00043,PO-2016-00018,1,2016-08-23,FCL-1010,BP-30030,1,service,B-2016-52060,accepted,BIN-34,posted
RCV-2016-00044,PO-2016-00019,1,2016-09-16,FCL-1030,BP-30080,78,case,B-2016-25294,accepted,BIN-36,posted
RCV-2016-00045,PO-2016-00020,1,2016-10-23,FCL-1010,BP-30011,1,service,B-2016-83212,accepted,BIN-06,posted
RCV-2016-00046,PO-2016-00021,1,2016-11-01,FCL-1002,BP-30029,88,case,B-2016-67443,accepted,BIN-11,posted
RCV-2016-00047,PO-2016-00022,1,2016-10-29,FCL-1007,BP-30009,15,unit,B-2016-16581,accepted,BIN-35,posted
RCV-2016-00048,PO-2016-00023,1,2016-12-06,FCL-1010,BP-30048,3,sealed_lot,B-2016-63522,held,BIN-01,quality_hold
RCV-2017-00049,PO-2016-00024,1,2017-01-08,FCL-1019,BP-30078,22,unit,B-2017-27269,accepted,BIN-40,posted
RCV-2017-00050,PO-2016-00025,1,2017-01-17,FCL-1030,BP-30032,1,service,B-2017-09798,conditional,BIN-37,posted
RCV-2017-00051,PO-2016-00026,1,2017-01-04,FCL-1019,BP-30078,36,pallet,B-2017-42339,accepted,BIN-24,posted
RCV-2017-00052,PO-2016-00027,1,2017-01-08,FCL-1008,BP-30057,1,kit,B-2017-82237,accepted,BIN-19,posted
RCV-2017-00053,PO-2016-00028,1,2017-01-14,FCL-1014,BP-30025,"0,88",service,B-2017-73943,accepted,BIN-18,posted
RCV-2017-00054,PO-2017-00001,1,2017-02-17,FCL-1019,BP-30078,35,case,B-2017-18489,held,BIN-41,quality_hold
RCV-2017-00055,PO-2017-00002,1,2017-02-18,FCL-1010,BP-30008,6,unit,B-2017-79842,accepted,BIN-11,posted
RCV-2017-00056,PO-2017-00003,1,2017-02-10,FCL-1011,BP-30059,1.66,sealed_lot,B-2017-23241,conditional,BIN-22,posted
RCV-2017-00057,PO-2017-00004,1,2017-03-09,FCL-1011,BP-30049,14 kit,kit,B-2017-75760,held,BIN-04,quality_hold
RCV-2017-00058,PO-2017-00005,1,2017-03-18,FCL-1011,BP-30014,22,unit,B-2017-49273,accepted,BIN-34,posted
RCV-2017-00059,PO-2017-00006,1,2017-03-28,FCL-1020,BP-30053,15,case,B-2017-54073,conditional,BIN-39,posted
RCV-2017-00060,PO-2017-00007,1,2017-03-05,FCL-1003,BP-30080,1,service,B-2017-51287,accepted,BIN-07,posted
RCV-2017-00061,PO-2017-00008,1,2017-04-02,FCL-1004,BP-30009,1,service,B-2017-24522,accepted,BIN-27,posted
RCV-2017-00062,PO-2017-00009,1,2017-04-02,FCL-1010,BP-30002,25,unit,B-2017-95737,accepted,BIN-08,posted
RCV-2017-00063,PO-2017-00010,1,2017-04-29,FCL-1006,BP-30023,78,case,B-2017-41210,accepted,BIN-35,posted
RCV-2017-00064,PO-2017-00011,1,2017-04-13,FCL-1030,BP-30077,1,service,B-2017-68077,accepted,BIN-18,posted
RCV-2017-00065,PO-2017-00012,1,2017-05-27,FCL-1007,BP-30078,5,sealed_lot,B-2017-74336,accepted,BIN-12,posted
RCV-2017-00066,PO-2017-00013,1,2017-06-26,FCL-1015,BP-30001,11,unit,B-2017-99387,accepted,BIN-04,posted
RCV-2017-00067,PO-2017-00014,1,2017-06-23,FCL-1019,BP-30078,1,service,B-2017-66809,accepted,BIN-31,posted
RCV-2017-00068,PO-2017-00015,1,2017-08-03,FCL-1007,BP-30052,12,unit,B-2017-13441,accepted,BIN-37,posted
RCV-2017-00069,PO-2017-00016,1,2017-09-21,FCL-1015,BP-30035,7,unit,B-2017-90561,accepted,BIN-05,posted
RCV-2017-00070,PO-2017-00017,1,2017-09-07,FCL-1007,BP-30078,5,sealed_lot,B-2017-65612,accepted,BIN-25,posted
RCV-2017-00071,PO-2017-00018,1,2017-09-10,FCL-1014,BP-30064,4,unit,B-2017-02603,accepted,BIN-36,posted
RCV-2017-00072,PO-2017-00019,1,2017-11-04,FCL-1016,BP-30080,17,unit,B-2017-94573,accepted,BIN-31,posted
RCV-2017-00073,PO-2017-00020,1,2017-11-08,FCL-1019,BP-30005,4.49,sealed_lot,B-2017-53664,accepted,BIN-29,posted
RCV-2017-00074,PO-2017-00021,1,2017-10-19,FCL-1029,BP-30073,23,unit,B-2017-62300,accepted,BIN-07,posted
RCV-2017-00075,PO-2017-00022,1,2017-11-09,FCL-1010,BP-30078,7,case,B-2017-11967,accepted,BIN-30,posted
RCV-2017-00076,PO-2017-00023,1,2017-11-19,FCL-1003,BP-30001,29,kit,B-2017-39693,accepted,BIN-30,posted
RCV-2017-00077,PO-2017-00024,1,2017-12-31,FCL-1007,BP-30078,26,pallet,B-2017-90851,,BIN-24,posted
RCV-2018-00078,PO-2017-00025,1,2018-01-20,FCL-1030,BP-30026,6,unit,B-2018-64893,accepted,BIN-06,posted
RCV-2018-00079,PO-2018-00001,1,2018-02-01,FCL-1010,BP-30078,43,case,B-2018-31469,accepted,BIN-17,posted
RCV-2018-00080,PO-2018-00002,1,2018-01-30,FCL-1020,BP-30018,11,unit,B-2018-88166,accepted,BIN-29,posted
RCV-2018-00081,PO-2018-00003,1,2018-02-11,FCL-1007,BP-30078,14,sealed_lot,B-2018-84294,conditional,BIN-36,posted
RCV-2018-00082,PO-2018-00004,1,2018-03-02,FCL-1004,BP-30043,1,service,B-2018-68110,accepted,BIN-14,posted
RCV-2018-00083,PO-2018-00005,1,2018-03-04,FCL-1020,BP-30078,29,kit,B-2018-29012,conditional,BIN-04,posted
RCV-2018-00084,PO-2018-00006,1,2018-02-18,FCL-1010,BP-30078,6,sealed_lot,B-2018-79306,accepted,BIN-16,posted
RCV-2018-00085,PO-2018-00007,1,2018-03-22,FCL-1030,BP-30078,88,case,B-2018-60038,accepted,BIN-03,posted
RCV-2018-00086,PO-2018-00008,1,2018-04-05,FCL-1020,BP-30072,11,pack,B-2018-20753,accepted,BIN-33,posted
RCV-2018-00087,PO-2018-00009,1,2018-04-14,FCL-1007,BP-30078,14,sealed_lot,B-2018-74906,accepted,BIN-28,posted
RCV-2018-00088,PO-2018-00010,1,2018-04-28,FCL-1002,BP-30034,"69,37",case,B-2018-61918,accepted,BIN-31,posted
RCV-2018-00089,PO-2018-00011,1,2018-04-25,FCL-1020,BP-30028,0.93,service,B-2018-20532,accepted,BIN-18,posted
RCV-2018-00090,PO-2018-00012,1,2018-05-18,FCL-1011,BP-30001,15,unit,B-2018-08521,accepted,BIN-12,posted
RCV-2018-00091,PO-2018-00014,1,2018-04-29,FCL-1019,BP-30038,1,service,B-2018-28198,conditional,BIN-40,posted
RCV-2018-00092,PO-2018-00015,1,2018-05-17,FCL-1014,BP-30057,1,service,B-2018-12712,accepted,BIN-27,posted
RCV-2018-00093,PO-2018-00016,1,2018-04-28,FCL-1020,BP-30009,5,kit,B-2018-18310,accepted,BIN-15,posted
RCV-2018-00094,PO-2018-00017,1,2018-05-14,FCL-1011,BP-30056,16,unit,B-2018-52675,accepted,BIN-13,posted
RCV-2018-00095,PO-2018-00018,1,2018-04-25,FCL-1019,BP-30078,68,case,B-2018-02474,accepted,BIN-10,posted
RCV-2018-00096,PO-2018-00019,1,2018-05-06,FCL-1011,BP-30002,29.13,case,B-2018-61504,accepted,BIN-18,posted
RCV-2018-00097,PO-2018-00020,1,2018-05-11,FCL-1015,BP-30078,1,service,B-2018-94417,conditional,BIN-26,posted
RCV-2018-00098,PO-2018-00021,1,2018-04-29,FCL-1010,BP-30048,1,service,B-2018-43834,accepted,BIN-06,posted
RCV-2018-00099,PO-2018-00022,1,2018-04-25,FCL-1010,BP-30040,1,service,B-2018-85583,accepted,BIN-23,posted
RCV-2018-00100,PO-2018-00023,1,2018-04-25,FCL-1013,BP-30059,1,service,B-2018-70128,accepted,BIN-25,posted
RCV-2018-00101,PO-2018-00024,1,2018-04-18,FCL-1025,BP-30005,1,service,B-2018-12293,accepted,BIN-09,posted
RCV-2018-00102,PO-2018-00025,1,2018-05-14,FCL-1007,BP-30078,1,service,B-2018-53494,accepted,BIN-28,posted
RCV-2018-00103,PO-2018-00026,1,2018-04-21,FCL-1007,BP-30078,0.93,service,B-2018-41956,accepted,BIN-04,posted
RCV-2018-00104,PO-2018-00027,1,2018-05-15,FCL-1019,BP-30018,14,kit,B-2018-78680,accepted,BIN-33,posted
RCV-2018-00105,PO-2018-00029,1,2018-05-07,FCL-1007,BP-30075,1,service,B-2018-73722,held,BIN-31,quality_hold
RCV-2018-00106,PO-2018-00030,1,2018-06-02,FCL-1030,BP-30002,1,service,B-2018-25058,conditional,BIN-17,posted
RCV-2018-00107,PO-2018-00032,1,2018-05-27,FCL-1007,BP-30078,1,service,B-2018-91913,accepted,BIN-12,posted
RCV-2018-00108,PO-2018-00033,1,2018-05-23,FCL-1005,BP-30055,72,case,B-2018-12419,accepted,BIN-30,posted
RCV-2018-00109,PO-2018-00034,1,2018-05-24,FCL-1011,BP-30066,10.84,unit,B-2018-21238,accepted,BIN-01,posted
RCV-2018-00110,PO-2018-00035,1,2018-05-08,FCL-1006,BP-30021,11,kit,B-2018-96454,accepted,BIN-34,posted
RCV-2018-00111,PO-2018-00036,1,2018-05-14,FCL-1011,BP-30030,9,unit,B-2018-68523,conditional,BIN-02,posted
RCV-2018-00112,PO-2018-00037,1,2018-05-02,FCL-1025,BP-30042,12,pack,B-2018-58842,accepted,BIN-21,posted
RCV-2018-00113,PO-2018-00038,1,2018-06-07,FCL-1019,BP-30025,17,unit,B-2018-84260,accepted,BIN-14,posted
RCV-2018-00114,PO-2018-00039,1,2018-05-30,FCL-1015,BP-30013,42,case,B-2018-37506,accepted,BIN-28,posted
RCV-2018-00115,PO-2018-00040,1,2018-05-25,FCL-1011,BP-30066,27,pallet,B-2018-80713,conditional,BIN-32,posted
RCV-2018-00116,PO-2018-00041,1,2018-05-09,FCL-1007,BP-30055,1,service,B-2018-75645,accepted,BIN-07,posted
RCV-2018-00117,PO-2018-00042,1,2018-06-04,FCL-1019,BP-30078,7,unit,B-2018-48473,accepted,BIN-30,posted
RCV-2018-00118,PO-2018-00043,1,2018-06-11,FCL-1011,BP-30056,1,service,B-2018-05612,accepted,BIN-40,posted
RCV-2018-00119,PO-2018-00045,1,2018-06-16,FCL-1010,BP-30078,47,case,B-2018-00602,accepted,BIN-13,posted
RCV-2018-00120,PO-2018-00046,1,2018-07-31,FCL-1016,BP-30053,55,case,B-2018-63794,accepted,BIN-01,posted
RCV-2018-00121,PO-2018-00047,1,2018-07-31,FCL-1011,BP-30008,9,unit,B-2018-92960,accepted,BIN-40,posted
RCV-2018-00122,PO-2018-00049,1,2018-10-09,FCL-1007,BP-30080,1,kit,B-2018-07869,accepted,BIN-21,posted
RCV-2018-00123,PO-2018-00050,1,2018-12-10,FCL-1019,BP-30078,1,service,B-2018-99849,accepted,BIN-23,posted
RCV-2018-00124,PO-2018-00051,1,2018-11-30,FCL-1011,BP-30056,2,pallet,B-2018-35028,conditional,BIN-37,posted
RCV-2019-00125,PO-2018-00052,1,2019-01-14,FCL-1011,BP-30021,60,pack,B-2019-45301,accepted,BIN-05,posted
RCV-2019-00126,PO-2018-00053,1,2019-01-01,FCL-1011,BP-30058,90,case,B-2019-87737,accepted,BIN-29,posted
RCV-2019-00127,PO-2019-00001,1,2019-02-27,FCL-1011,BP-30037,0.85,service,B-2019-39843,accepted,BIN-16,posted
RCV-2019-00128,PO-2019-00003,1,2019-03-14,FCL-1007,BP-30078,85,case,B-2019-68883,accepted,BIN-07,posted
RCV-2019-00129,PO-2019-00004,1,2019-05-03,FCL-1019,BP-30070,10,sealed_lot,B-2019-27270,accepted,BIN-23,posted
RCV-2019-00130,PO-2019-00005,1,2019-05-03,FCL-1007,BP-30078,65.23,case,B-2019-83552,accepted,BIN-01,posted
RCV-2019-00131,PO-2019-00006,1,2019-05-28,FCL-1001,BP-30021,34,pallet,B-2019-25233,accepted,BIN-34,posted
RCV-2019-00132,PO-2019-00007,1,2019-05-30,FCL-1011,BP-30030,77,case,B-2019-60895,accepted,BIN-19,posted
RCV-2019-00133,PO-2019-00008,1,2019-05-21,FCL-1007,BP-30078,48,case,B-2019-08170,accepted,BIN-29,posted
RCV-2019-00134,PO-2019-00009,1,2019-06-02,FCL-1015,BP-30072,0.95,service,B-2019-72775,accepted,BIN-09,posted
RCV-2019-00135,PO-2019-00010,1,2019-05-26,FCL-1016,BP-30033,1,contract,B-2019-32817,accepted,BIN-37,posted
RCV-2019-00136,PO-2019-00011,1,2019-06-11,FCL-1011,BP-30025,5.29,unit,B-2019-50126,accepted,BIN-07,posted
RCV-2019-00137,PO-2019-00013,1,2019-07-11,FCL-1016,BP-30044,70,case,B-2019-72856,accepted,BIN-41,posted
RCV-2019-00138,PO-2019-00014,1,2019-08-07,FCL-1007,BP-30078,18,sealed_lot,B-2019-79736,accepted,BIN-09,posted
RCV-2019-00139,PO-2019-00015,1,2019-08-05,FCL-1010,BP-30047,4,case,B-2019-74795,accepted,BIN-06,posted
RCV-2019-00140,PO-2019-00016,1,2019-07-27,FCL-1029,BP-30007,1,sealed_lot,B-2019-22492,accepted,BIN-16,posted
RCV-2019-00141,PO-2019-00017,1,2019-08-27,FCL-1020,BP-30078,78,case,B-2019-06531,accepted,BIN-35,posted
RCV-2019-00142,PO-2019-00018,1,2019-09-25,FCL-1019,BP-30078,64,case,B-2019-28942,accepted,BIN-11,posted
RCV-2019-00143,PO-2019-00019,1,2019-09-18,FCL-1030,BP-30078,4,kit,B-2019-54869,accepted,BIN-18,posted
RCV-2019-00144,PO-2019-00020,1,2019-10-16,FCL-1011,BP-30034,68,case,B-2019-36555,accepted,BIN-04,posted
RCV-2019-00145,PO-2019-00021,1,2019-09-30,FCL-1011,BP-30056,22,unit,B-2019-82917,accepted,BIN-35,posted
RCV-2019-00146,PO-2019-00022,1,2019-09-12,FCL-1011,BP-30030,11,sealed_lot,B-2019-92461,accepted,BIN-39,posted
RCV-2019-00147,PO-2019-00023,1,2019-09-25,FCL-1019,BP-30052,1,kit,B-2019-56350,accepted,BIN-16,posted
RCV-2019-00148,PO-2019-00024,1,2019-10-09,FCL-1011,BP-30029,1,service,B-2019-85358,held,BIN-29,quality_hold
RCV-2019-00149,PO-2019-00025,1,2019-10-04,FCL-1007,BP-30078,21,unit,B-2019-44904,conditional,BIN-05,posted
RCV-2019-00150,PO-2019-00026,1,2019-10-08,FCL-1016,BP-30028,37.14,pack,B-2019-67241,accepted,BIN-17,posted
RCV-2019-00151,PO-2019-00027,1,2019-09-13,FCL-1030,BP-30022,48,pallet,B-2019-56105,conditional,BIN-29,posted
RCV-2019-00152,PO-2019-00028,1,2019-10-20,FCL-1011,BP-30042,39,case,B-2019-04469,accepted,BIN-41,POSTED
RCV-2019-00153,PO-2019-00029,1,2019-10-04,FCL-1010,BP-30014,22,pallet,B-2019-07409,accepted,BIN-20,posted
RCV-2019-00154,PO-2019-00030,1,2019-09-16,FCL-1012,BP-30008,7,unit,B-2019-21058,accepted,BIN-40,posted
RCV-2019-00155,PO-2019-00031,1,2019-09-21,FCL-1007,BP-30078,3,sealed_lot,B-2019-33027,conditional,BIN-14,posted
RCV-2019-00156,PO-2019-00032,1,2019-09-27,FCL-1011,BP-30062,53,case,B-2019-98381,accepted,BIN-42,posted
RCV-2019-00157,PO-2019-00033,1,2019-10-17,FCL-1010,BP-30015,70,case,B-2019-32288,accepted,BIN-03,posted
RCV-2019-00158,PO-2019-00034,1,2019-10-13,FCL-1020,BP-30054,1,service,B-2019-91523,accepted,BIN-08,posted
RCV-2019-00159,PO-2019-00035,1,2019-09-25,FCL-1011,BP-30012,47,pallet,B-2019-71715,conditional,BIN-08,posted
RCV-2019-00160,PO-2019-00036,1,2019-10-10,FCL-1011,BP-30079,1,service,B-2019-40633,accepted,BIN-10,posted
RCV-2019-00161,PO-2019-00037,1,2019-10-08,FCL-1007,BP-30078,1,contract,B-2019-52133,accepted,BIN-35,posted
RCV-2019-00162,PO-2019-00038,1,2019-10-03,FCL-1002,BP-30020,12.77,unit,B-2019-73006,accepted,BIN-12,posted
RCV-2019-00163,PO-2019-00039,1,2019-10-11,FCL-1013,BP-30032,1,contract,B-2019-00820,held,BIN-10,quality_hold
RCV-2019-00164,PO-2019-00040,1,2019-10-28,FCL-1019,BP-30001,1,service,B-2019-76482,accepted,BIN-01,posted
RCV-2019-00165,PO-2019-00041,1,2019-09-30,FCL-1019,BP-30018,33,pack,B-2019-70060,accepted,BIN-42,posted
RCV-2019-00166,PO-2019-00042,1,2019-10-22,FCL-1016,BP-30050,10,unit,B-2019-36991,accepted,BIN-17,posted
RCV-2019-00167,PO-2019-00043,1,2019-10-01,FCL-1020,BP-30052,24,pack,B-2019-36456,accepted,BIN-39,posted
RCV-2019-00168,PO-2019-00044,1,2019-10-12,FCL-1020,BP-30066,58,case,B-2019-83677,accepted,BIN-02,posted
RCV-2019-00169,PO-2019-00045,1,2019-09-29,FCL-1007,BP-30078,17,kit,B-2019-97954,accepted,BIN-26,posted
RCV-2019-00170,PO-2019-00046,1,2019-10-26,FCL-1025,BP-30079,0.87,contract,B-2019-60267,accepted,BIN-16,posted
RCV-2019-00171,PO-2019-00047,1,2019-10-23,FCL-1007,BP-30021,1,service,B-2019-25967,accepted,BIN-27,posted
RCV-2019-00172,PO-2019-00048,1,2019-10-03,FCL-1011,BP-30029,24,kit,B-2019-72643,accepted,BIN-26,posted
RCV-2019-00173,PO-2019-00049,1,2019-10-05,FCL-1007,BP-30078,1,service,B-2019-33600,accepted,BIN-20,posted
RCV-2019-00174,PO-2019-00050,1,2019-11-01,FCL-1011,BP-30064,18,unit,B-2019-94235,held,BIN-12,quality_hold
RCV-2019-00175,PO-2019-00051,1,2019-10-16,FCL-1007,BP-30078,8,pack,B-2019-88642,accepted,BIN-29,posted
RCV-2019-00176,PO-2019-00052,1,2019-10-25,FCL-1011,BP-30009,48,pack,B-2019-22203,accepted,BIN-12,posted
RCV-2019-00177,PO-2019-00053,1,2019-10-26,FCL-1011,BP-30056,1,service,B-2019-11239,accepted,BIN-27,posted
RCV-2019-00178,PO-2019-00054,1,2019-10-30,FCL-1004,BP-30002,1,service,B-2019-75874,accepted,BIN-12,posted
RCV-2019-00179,PO-2019-00055,1,2019-11-07,FCL-1019,BP-30078,26,kit,B-2019-81308,accepted,BIN-03,posted
RCV-2019-00180,PO-2019-00056,1,2019-12-06,FCL-1024,BP-30057,21,kit,B-2019-06567,accepted,BIN-35,posted
RCV-2019-00181,PO-2019-00057,1,2019-11-29,FCL-1010,BP-30078,48,case,B-2019-56413,accepted,BIN-41,posted
RCV-2019-00182,PO-2019-00058,1,2019-12-12,FCL-1028,BP-30072,1,service,B-2019-35862,accepted,BIN-32,posted
RCV-2019-00183,PO-2019-00059,1,2019-12-01,FCL-1007,BP-30078,63,case,B-2019-52229,accepted,BIN-42,posted
RCV-2020-00184,PO-2019-00061,1,2020-01-17,FCL-1008,BP-30056,63,case,B-2020-59028,accepted,BIN-16,posted
RCV-2020-00185,PO-2020-00001,1,2020-02-11,FCL-1015,BP-30030,17,unit,B-2020-00212,accepted,BIN-40,posted
RCV-2020-00186,PO-2020-00002,1,2020-02-18,FCL-1015,BP-30044,65,case,B-2020-84367,accepted,BIN-27,posted
RCV-2020-00187,PO-2020-00003,1,2020-02-01,FCL-1010,BP-30078,5.71,case,B-2020-72234,conditional,BIN-22,posted
RCV-2020-00188,PO-2020-00004,1,2020-02-01,FCL-1021,BP-30014,21,pallet,B-2020-51403,accepted,BIN-37,posted
RCV-2020-00189,PO-2020-00005,1,2020-01-27,FCL-1011,BP-30056,15,unit,B-2020-90409,accepted,BIN-34,posted
RCV-2020-00190,PO-2020-00006,1,2020-02-05,FCL-1007,BP-30078,19,kit,B-2020-93671,conditional,BIN-42,posted
RCV-2020-00191,PO-2020-00007,1,2020-03-08,FCL-1010,BP-30078,36,case,B-2020-41118,accepted,BIN-09,posted
RCV-2020-00192,PO-2020-00008,1,2020-03-16,FCL-1030,BP-30052,24.65,pallet,B-2020-02288,accepted,BIN-31,posted
RCV-2020-00193,PO-2020-00009,1,2020-04-16,FCL-1006,BP-30038,21,pallet,B-2020-03996,accepted,BIN-14,posted
RCV-2020-00194,PO-2020-00010,1,2020-04-16,FCL-1011,BP-30028,24,unit,B-2020-54123,accepted,BIN-02,posted
RCV-2020-00195,PO-2020-00011,1,2020-04-05,FCL-1010,BP-30001,1,service,B-2020-04125,accepted,BIN-30,posted
RCV-2020-00196,PO-2020-00012,1,2020-04-06,FCL-1030,BP-30078,15,unit,B-2020-48649,accepted,BIN-23,posted
RCV-2020-00197,PO-2020-00013,1,2020-05-16,FCL-1021,BP-30012,64,case,B-2020-91503,accepted,BIN-14,posted
RCV-2020-00198,PO-2020-00014,1,2020-05-05,FCL-1020,BP-30014,5,case,B-2020-11590,conditional,BIN-07,posted
RCV-2020-00199,PO-2020-00015,1,2020-04-28,FCL-1029,BP-30068,15,unit,B-2020-25425,accepted,BIN-12,posted
RCV-2020-00200,PO-2020-00016,1,2020-05-05,FCL-1030,BP-30029,77,case,B-2020-26487,accepted,BIN-30,posted
RCV-2020-00201,PO-2020-00017,1,2020-05-06,FCL-1025,BP-30046,1,service,B-2020-67230,accepted,BIN-25,posted
RCV-2020-00202,PO-2020-00018,1,2020-05-05,FCL-1020,BP-30032,1,grant,B-2020-38898,accepted,BIN-16,posted
RCV-2020-00203,PO-2020-00019,1,2020-05-13,FCL-1015,BP-30011,4,kit,B-2020-35223,conditional,BIN-29,posted
RCV-2020-00204,PO-2020-00020,1,2020-04-23,FCL-1007,BP-30040,1,service,B-2020-80062,accepted,BIN-30,posted
RCV-2020-00205,PO-2020-00021,1,2020-05-02,FCL-1011,BP-30059,2,unit,B-2020-44945,accepted,BIN-40,posted
RCV-2020-00206,PO-2020-00022,1,2020-05-14,FCL-1012,BP-30069,47,pallet,B-2020-19127,conditional,BIN-30,posted
RCV-2020-00207,PO-2020-00023,1,2020-05-08,FCL-1004,BP-30035,4,unit,B-2020-15980,accepted,BIN-21,posted
RCV-2020-00208,PO-2020-00024,1,2020-04-24,FCL-1030,BP-30058,1,grant,B-2020-57996,accepted,BIN-37,POSTED
RCV-2020-00209,PO-2020-00025,1,2020-05-13,FCL-1020,BP-30073,1,service,B-2020-69279,accepted,BIN-26,posted
RCV-2020-00210,PO-2020-00026,1,2020-04-20,FCL-1011,BP-30077,25.11,case,B-2020-06759,accepted,BIN-04,posted
RCV-2020-00211,PO-2020-00027,1,2020-05-01,FCL-1015,BP-30002,1,service,B-2020-31799,accepted,BIN-15,posted
RCV-2020-00212,PO-2020-00028,1,2020-05-18,FCL-1029,BP-30037,1,service,B-2020-58794,held,BIN-07,quality_hold
RCV-2020-00213,PO-2020-00029,1,2020-04-22,FCL-1025,BP-30042,7,unit,B-2020-24282,accepted,BIN-39,posted
RCV-2020-00214,PO-2020-00030,1,2020-04-20,FCL-1003,BP-30043,1,service,B-2020-25877,accepted,BIN-19,posted
RCV-2020-00215,PO-2020-00031,1,2020-04-23,FCL-1014,BP-30037,38,pallet,B-2020-74695,accepted,BIN-35,posted
RCV-2020-00216,PO-2020-00032,1,2020-05-05,FCL-1029,BP-30013,86,case,B-2020-51951,accepted,BIN-12,posted
RCV-2020-00217,PO-2020-00033,1,2020-05-16,FCL-1001,BP-30022,1,contract,B-2020-24618,accepted,BIN-29,posted
RCV-2020-00218,PO-2020-00034,1,2020-05-06,FCL-1011,BP-30056,1,grant,B-2020-33084,conditional,BIN-18,posted
RCV-2020-00219,PO-2020-00035,1,2020-04-21,FCL-1011,BP-30075,8,sealed_lot,B-2020-29391,accepted,BIN-18,posted
RCV-2020-00220,PO-2020-00036,1,2020-05-23,FCL-1001,BP-30079,83,case,B-2020-77214,accepted,BIN-22,posted
RCV-2020-00221,PO-2020-00037,1,2020-04-29,FCL-1014,BP-30069,37,pallet,B-2020-67104,accepted,BIN-19,posted
RCV-2020-00222,PO-2020-00038,1,2020-05-10,FCL-1006,BP-30022,11,case,B-2020-60164,accepted,BIN-06,posted
RCV-2020-00223,PO-2020-00039,1,2020-05-14,FCL-1023,BP-30054,20,unit,B-2020-85555,held,BIN-19,quality_hold
RCV-2020-00224,PO-2020-00040,1,2020-05-25,FCL-1007,BP-30078,1,service,B-2020-45296,conditional,BIN-41,posted
RCV-2020-00225,PO-2020-00041,1,2020/05/02,FCL-1015,BP-30039,20,pack,B-2020-61917,accepted,BIN-38,posted
RCV-2020-00226,PO-2020-00042,1,2020-05-24,FCL-1011,BP-30005,1,service,B-2020-06510,accepted,BIN-05,posted
RCV-2020-00227,PO-2020-00043,1,2020-05-29,FCL-1029,BP-30009,4,pack,B-2020-47907,accepted,BIN-29,posted
RCV-2020-00228,PO-2020-00044,1,2020-05-11,FCL-1021,BP-30080,7,pallet,B-2020-18875,conditional,BIN-21,posted
RCV-2020-00229,PO-2020-00045,1,2020-05-15,FCL-1007,BP-30078,18,pack,B-2020-16855,accepted,BIN-38,posted
RCV-2020-00230,PO-2020-00046,1,2020-05-16,FCL-1010,BP-30050,17,pack,B-2020-01155,accepted,BIN-35,posted
RCV-2020-00231,PO-2020-00047,1,2020-05-07,FCL-1011,BP-30001,11,sealed_lot,B-2020-34643,accepted,BIN-18,posted
RCV-2020-00232,PO-2020-00048,1,2020-05-18,FCL-1011,BP-30068,45,case,B-2020-74499,accepted,BIN-05,posted
RCV-2020-00233,PO-2020-00049,1,2020-05-15,FCL-1007,BP-30038,21,kit,B-2020-82090,accepted,BIN-38,posted
RCV-2020-00234,PO-2020-00051,1,2020-06-10,FCL-1007,BP-30078,15,case,B-2020-46640,accepted,BIN-12,posted
RCV-2020-00235,PO-2020-00052,1,2020-07-06,FCL-1007,BP-30078,1,contract,B-2020-62936,accepted,BIN-06,posted
RCV-2020-00236,PO-2020-00053,1,2020-06-15,FCL-1019,BP-30078,12,unit,B-2020-13281,accepted,BIN-11,posted
RCV-2020-00237,PO-2020-00054,1,2020-07-11,FCL-1029,BP-30044,52,case,B-2020-39928,accepted,BIN-23,posted
RCV-2020-00238,PO-2020-00055,1,2020-07-19,FCL-1014,BP-30073,11,pack,B-2020-15755,accepted,BIN-29,posted
RCV-2020-00239,PO-2020-00056,1,2020-08-19,FCL-1003,BP-30003,8,unit,B-2020-50025,conditional,BIN-14,posted
RCV-2020-00240,PO-2020-00057,1,2020-08-20,FCL-1010,BP-30034,18,unit,B-2020-66688,conditional,BIN-09,posted
RCV-2020-00241,PO-2020-00058,1,2020-09-01,FCL-1029,BP-30005,1,service,B-2020-53740,conditional,BIN-34,posted
RCV-2020-00242,PO-2020-00060,1,2020-11-06,FCL-1011,BP-30029,1,service,B-2020-17563,accepted,BIN-32,posted
RCV-2020-00243,PO-2020-00061,1,2020-10-24,FCL-1011,BP-30046,6,unit,B-2020-40457,accepted,BIN-19,posted
RCV-2020-00244,PO-2020-00062,1,2020-10-29,FCL-1012,BP-30059,21,unit,B-2020-65125,accepted,BIN-30,posted
RCV-2020-00245,PO-2020-00063,1,2020-11-11,FCL-1013,BP-30021,1,contract,B-2020-11107,accepted,BIN-06,posted
RCV-2020-00246,PO-2020-00064,1,2020-12-19,FCL-1007,BP-30028,1,service,B-2020-98747,accepted,BIN-37,posted
RCV-2020-00247,PO-2020-00065,1,2020-12-15,FCL-1019,BP-30078,8,unit,B-2020-76233,accepted,BIN-22,posted
RCV-2020-00248,PO-2020-00066,1,2020-12-16,FCL-1020,BP-30055,0.79,service,B-2020-30089,accepted,BIN-26,posted
RCV-2020-00249,PO-2020-00067,1,2020-12-29,FCL-1005,BP-30073,86,case,B-2020-04455,accepted,BIN-19,posted
RCV-2020-00250,PO-2020-00068,1,2020-12-15,FCL-1011,BP-30065,32,pack,B-2020-39958,accepted,BIN-13,posted
RCV-2021-00251,PO-2020-00069,1,2021-01-04,FCL-1011,BP-30047,39,pallet,B-2021-94764,accepted,BIN-13,posted
RCV-2020-00252,PO-2020-00070,1,2020-12-31,FCL-1015,BP-30033,20.04,unit,B-2020-12634,accepted,BIN-23,posted
RCV-2021-00253,PO-2020-00071,1,2021-01-26,FCL-1010,BP-30064,1,unit,B-2021-81598,accepted,BIN-21,posted
RCV-2021-00254,PO-2021-00001,1,2021-01-30,FCL-1023,BP-30069,2,case,B-2021-93937,conditional,BIN-29,posted
RCV-2021-00255,PO-2021-00002,1,2021-02-20,FCL-1011,BP-30056,41,pack,B-2021-25356,accepted,BIN-41,posted
RCV-2021-00256,PO-2021-00003,1,2021-03-22,FCL-1010,BP-30053,26,kit,B-2021-88962,accepted,BIN-11,posted
RCV-2021-00257,PO-2021-00004,1,2021-03-27,FCL-1007,BP-30078,60,case,B-2021-11206,accepted,BIN-09,posted
RCV-2021-00258,PO-2021-00005,1,2021-04-03,FCL-1030,BP-30078,29,kit,B-2021-46132,accepted,BIN-10,posted
RCV-2021-00259,PO-2021-00006,1,2021-04-25,FCL-1016,BP-30054,0.82,service,B-2021-32609,accepted,BIN-18,POSTED
RCV-2021-00260,PO-2021-00007,1,2021-04-17,FCL-1019,BP-30045,14,unit,B-2021-87393,accepted,BIN-14,posted
RCV-2021-00261,PO-2021-00008,1,2021-05-13,FCL-1007,BP-30078,14,pack,B-2021-95381,accepted,BIN-01,posted
RCV-2021-00262,PO-2021-00009,1,2021-05-27,FCL-1010,BP-30026,19,kit,B-2021-40607,conditional,BIN-07,posted
RCV-2021-00263,PO-2021-00010,1,2021-05-08,FCL-1007,BP-30078,66,case,B-2021-04704,accepted,BIN-07,posted
RCV-2021-00264,PO-2021-00011,1,2021-06-06,FCL-1019,BP-30078,46,case,B-2021-12425,accepted,BIN-08,posted
RCV-2021-00265,PO-2021-00012,1,2021-06-07,FCL-1011,BP-30059,7,unit,B-2021-49499,accepted,BIN-38,posted
RCV-2021-00266,PO-2021-00013,1,2021-05-26,FCL-1025,BP-30049,23,pallet,B-2021-62930,accepted,BIN-03,posted
RCV-2021-00267,PO-2021-00015,1,2021-05-31,FCL-1019,BP-30038,20,unit,B-2021-55990,accepted,BIN-14,posted
RCV-2021-00268,PO-2021-00016,1,2021-05-24,FCL-1009,BP-30072,12,sealed_lot,B-2021-06900,accepted,BIN-16,posted
RCV-2021-00269,PO-2021-00017,1,2021-05-30,FCL-1010,BP-30011,8,kit,B-2021-91218,held,BIN-29,quality_hold
RCV-2021-00270,PO-2021-00018,1,2021-06-19,FCL-1019,BP-30053,15,unit,B-2021-08739,accepted,BIN-40,posted
RCV-2021-00271,PO-2021-00019,1,2021-06-22,FCL-1011,BP-30039,10,case,B-2021-37881,conditional,BIN-05,posted
RCV-2021-00272,PO-2021-00020,1,2021-05-26,FCL-1002,BP-30079,1,case,B-2021-52179,accepted,BIN-21,posted
RCV-2021-00273,PO-2021-00022,1,2021-06-07,FCL-1020,BP-30075,21,unit,B-2021-47056,accepted,BIN-17,posted
RCV-2021-00274,PO-2021-00023,1,2021-06-03,FCL-1010,BP-30066,1,service,B-2021-17959,accepted,BIN-11,posted
RCV-2021-00275,PO-2021-00024,1,2021-06-05,FCL-1011,BP-30035,47,case,B-2021-49354,accepted,BIN-15,posted
RCV-2021-00276,PO-2021-00025,1,2021-05-25,FCL-1030,BP-30054,16,pallet,B-2021-38149,accepted,BIN-14,posted
RCV-2021-00277,PO-2021-00026,1,2021-06-03,FCL-1011,BP-30001,29,case,B-2021-09660,accepted,BIN-23,posted
RCV-2021-00278,PO-2021-00027,1,2021-05-22,FCL-1010,BP-30018,15.16,case,B-2021-06196,accepted,BIN-34,posted
RCV-2021-00279,PO-2021-00028,1,2021-06-19,FCL-1010,BP-30058,21,unit,B-2021-71137,accepted,BIN-18,posted
RCV-2021-00280,PO-2021-00029,1,2021-05-22,FCL-1015,BP-30012,44.5,case,B-2021-97340,accepted,BIN-41,posted
RCV-2021-00281,PO-2021-00030,1,2021-06-22,FCL-1001,BP-30057,14.17,case,B-2021-68335,accepted,BIN-38,posted
RCV-2021-00282,PO-2021-00031,1,2021-06-01,FCL-1007,BP-30078,4.36,sealed_lot,B-2021-44085,accepted,BIN-40,posted
RCV-2021-00283,PO-2021-00032,1,2021-06-05,FCL-1020,BP-30018,17,unit,B-2021-82802,accepted,BIN-41,posted
RCV-2021-00284,PO-2021-00033,1,2021-05-30,FCL-1011,BP-30009,1,contract,B-2021-17913,accepted,BIN-32,posted
RCV-2021-00285,PO-2021-00034,1,2021-05-26,FCL-1030,BP-30038,11,case,B-2021-83085,accepted,BIN-18,posted
RCV-2021-00286,PO-2021-00035,1,2021-06-23,FCL-1010,BP-30073,27,kit,B-2021-03948,accepted,BIN-04,posted
RCV-2021-00287,PO-2021-00036,1,2021-06-06,FCL-1019,BP-30078,9,sealed_lot,B-2021-13519,accepted,BIN-22,posted
RCV-2021-00288,PO-2021-00037,1,2021-06-22,FCL-1011,BP-30056,22,pack,B-2021-61721,accepted,BIN-15,posted
RCV-2021-00289,PO-2021-00038,1,2021-06-05,FCL-1011,BP-30003,15,unit,B-2021-86645,accepted,BIN-03,posted
RCV-2021-00290,PO-2021-00039,1,2021-06-27,FCL-1007,BP-30025,1,unit,B-2021-89192,accepted,BIN-36,posted
RCV-2021-00291,PO-2021-00040,1,2021-06-27,FCL-1010,BP-30018,15.8,kit,B-2021-85049,accepted,BIN-24,posted
RCV-2021-00292,PO-2021-00041,1,2021-06-21,FCL-1007,BP-30056,1,contract,B-2021-43409,accepted,BIN-05,posted
RCV-2021-00293,PO-2021-00042,1,2021-05-27,FCL-1009,BP-30005,22,kit,B-2021-30713,accepted,BIN-13,posted
RCV-2021-00294,PO-2021-00043,1,2021-06-04,FCL-1029,BP-30068,1,unit,B-2021-62679,accepted,BIN-14,posted
RCV-2021-00295,PO-2021-00044,1,2021-06-07,FCL-1011,BP-30021,23,unit,B-2021-78650,accepted,BIN-16,posted
RCV-2021-00296,PO-2021-00045,1,2021-05-29,FCL-1019,BP-30075,1,service,B-2021-80693,accepted,BIN-40,posted
RCV-2021-00297,PO-2021-00046,1,2021-06-03,FCL-1010,BP-30050,48,pack,B-2021-29431,accepted,BIN-07,posted
RCV-2021-00298,PO-2021-00047,1,2021-06-24,FCL-1011,BP-30056,21,unit,B-2021-49364,held,BIN-11,quality_hold
RCV-2021-00299,PO-2021-00048,1,2021-06-14,FCL-1011,BP-30038,38,pack,B-2021-91208,accepted,BIN-15,posted
RCV-2021-00300,PO-2021-00049,1,2021-06-11,FCL-1018,BP-30080,1,service,B-2021-20387,accepted,BIN-01,posted
RCV-2021-00301,PO-2021-00050,1,2021-07-28,FCL-1011,BP-30056,1,service,B-2021-64128,accepted,BIN-38,posted
RCV-2021-00302,PO-2021-00051,1,2021-08-17,FCL-1015,BP-30030,74,case,B-2021-91821,accepted,BIN-04,posted
RCV-2021-00303,PO-2021-00052,1,2021-08-22,FCL-1027,BP-30059,28 case,case,B-2021-74351,accepted,BIN-06,posted
RCV-2021-00304,PO-2021-00053,1,2021-09-05,FCL-1002,BP-30032,1,service,B-2021-00710,accepted,BIN-08,posted
RCV-2021-00305,PO-2021-00054,1,2021-09-11,FCL-1007,BP-30078,12,pallet,B-2021-08361,accepted,BIN-38,posted
RCV-2021-00306,PO-2021-00055,1,2021-09-30,FCL-1003,BP-30014,77,case,B-2021-13688,conditional,BIN-37,posted
RCV-2021-00307,PO-2021-00056,1,2021-10-04,FCL-1007,BP-30078,33,case,B-2021-07885,accepted,BIN-09,posted
RCV-2021-00308,PO-2021-00057,1,2021-10-03,FCL-1011,BP-30056,42,pack,B-2021-52222,accepted,BIN-03,posted
RCV-2021-00309,PO-2021-00058,1,2021-12-12,FCL-1029,BP-30050,31,case,B-2021-17014,accepted,BIN-30,posted
RCV-2021-00310,PO-2021-00059,1,2021-12-16,FCL-1026,BP-30057,5,case,B-2021-56544,accepted,BIN-32,posted
RCV-2021-00311,PO-2021-00060,1,2021-12-31,FCL-1023,BP-30038,23.41,kit,B-2021-04128,accepted,BIN-18,posted
RCV-2022-00312,PO-2021-00061,1,2022-01-01,FCL-1020,BP-30052,11,sealed_lot,B-2022-66416,held,BIN-01,quality_hold
RCV-2022-00313,PO-2022-00001,1,2022-02-16,FCL-1010,BP-30078,77,case,B-2022-64256,accepted,BIN-07,posted
RCV-2022-00314,PO-2022-00002,1,2022-02-07,FCL-1010,BP-30078,6,sealed_lot,B-2022-46391,conditional,BIN-18,posted
RCV-2022-00315,PO-2022-00003,1,2022-03-14,FCL-1020,BP-30078,12,case,B-2022-22928,accepted,BIN-38,posted
RCV-2022-00316,PO-2022-00004,1,2022-03-06,FCL-1011,BP-30040,15,unit,B-2022-29534,accepted,BIN-20,posted
RCV-2022-00317,PO-2022-00005,1,2022-02-24,FCL-1019,BP-30023,1,service,B-2022-23214,accepted,BIN-17,posted
RCV-2022-00318,PO-2022-00006,1,2022-02-11,FCL-1001,BP-30062,1,service,B-2022-25359,accepted,BIN-22,posted
RCV-2022-00319,PO-2022-00007,1,2022-02-22,FCL-1020,BP-30026,30,pallet,B-2022-05211,accepted,BIN-42,posted
RCV-2022-00320,PO-2022-00008,1,2022-03-10,FCL-1011,BP-30041,1,service,B-2022-22348,accepted,BIN-39,posted
RCV-2022-00321,PO-2022-00009,1,2022-03-13,FCL-1011,BP-30033,18,kit,B-2022-51225,conditional,BIN-11,posted
RCV-2022-00322,PO-2022-00010,1,2022-03-16,FCL-1014,BP-30020,11,unit,B-2022-49413,conditional,BIN-12,posted
RCV-2022-00323,PO-2022-00011,1,2022-03-07,FCL-1010,BP-30026,7,sealed_lot,B-2022-10004,conditional,BIN-14,posted
RCV-2022-00324,PO-2022-00012,1,2022-02-16,FCL-1011,BP-30032,1,service,B-2022-35097,accepted,BIN-32,posted
RCV-2022-00325,PO-2022-00013,1,2022-02-22,FCL-1020,BP-30052,5,unit,B-2022-58035,accepted,BIN-31,posted
RCV-2022-00326,PO-2022-00014,1,2022-02-22,FCL-1011,BP-30080,11,pallet,B-2022-91711,accepted,BIN-23,posted
RCV-2022-00327,PO-2022-00015,1,2022-03-02,FCL-1014,BP-30032,36 pack,pack,B-2022-79388,accepted,BIN-37,posted
RCV-2022-00328,PO-2022-00016,1,2022-03-13,FCL-1016,BP-30007,46,case,B-2022-82424,accepted,BIN-11,posted
RCV-2022-00329,PO-2022-00018,1,2022-03-17,FCL-1025,BP-30080,1,service,B-2022-71912,accepted,BIN-39,posted
RCV-2022-00330,PO-2022-00019,1,2022-03-04,FCL-1011,BP-30069,71,case,B-2022-32839,accepted,BIN-10,posted
RCV-2022-00331,PO-2022-00020,1,2022-02-22,FCL-1025,BP-30079,0.91,service,B-2022-90864,accepted,BIN-21,posted
RCV-2022-00332,PO-2022-00021,1,2022-03-20,FCL-1011,BP-30018,1,service,B-2022-09790,conditional,BIN-32,posted
RCV-2022-00333,PO-2022-00022,1,2022-03-14,FCL-1019,BP-30016,21,unit,B-2022-25625,accepted,BIN-27,posted
RCV-2022-00334,PO-2022-00023,1,2022-02-19,FCL-1019,BP-30078,21 kit,kit,B-2022-74620,accepted,BIN-03,posted
RCV-2022-00335,PO-2022-00024,1,2022-03-12,FCL-1029,BP-30017,0.84,contract,B-2022-71895,accepted,BIN-08,posted
RCV-2022-00336,PO-2022-00025,1,2022-03-05,FCL-1011,BP-30026,60,pack,B-2022-21540,accepted,BIN-32,posted
RCV-2022-00337,PO-2022-00026,1,2022-02-21,FCL-1016,BP-30024,11,sealed_lot,B-2022-48878,accepted,BIN-04,posted
RCV-2022-00338,PO-2022-00027,1,2022-03-14,FCL-1016,BP-30022,1,service,B-2022-07901,accepted,BIN-33,posted
RCV-2022-00339,PO-2022-00028,1,2022-02-26,FCL-1019,BP-30002,7,pack,B-2022-74432,accepted,BIN-36,posted
RCV-2022-00340,PO-2022-00029,1,2022-03-29,FCL-1011,BP-30040,8,kit,B-2022-75620,accepted,BIN-33,posted
RCV-2022-00341,PO-2022-00030,1,2022-03-02,FCL-1018,BP-30011,8,case,B-2022-22321,accepted,BIN-16,posted
RCV-2022-00342,PO-2022-00031,1,2022-03-26,FCL-1015,BP-30066,9,sealed_lot,B-2022-07700,accepted,BIN-14,posted
RCV-2022-00343,PO-2022-00032,1,2022-03-10,FCL-1015,BP-30040,30,kit,B-2022-27739,accepted,BIN-21,posted
RCV-2022-00344,PO-2022-00033,1,2022-03-18,FCL-1019,BP-30008,21,case,B-2022-88767,held,BIN-40,quality_hold
RCV-2022-00345,PO-2022-00034,1,2022-03-20,FCL-1012,BP-30054,19,case,B-2022-53367,conditional,BIN-09,posted
RCV-2022-00346,PO-2022-00035,1,2022-03-24,FCL-1007,BP-30066,60,case,B-2022-08834,accepted,BIN-15,posted
RCV-2022-00347,PO-2022-00037,1,2022-03-11,FCL-1027,BP-30033,1,service,B-2022-81429,accepted,BIN-35,posted
RCV-2022-00348,PO-2022-00038,1,2022-03-20,FCL-1011,BP-30059,1,service,B-2022-94959,accepted,BIN-11,posted
RCV-2022-00349,PO-2022-00039,1,2022-03-07,FCL-1009,BP-30075,85,case,B-2022-64673,held,BIN-17,quality_hold
RCV-2022-00350,PO-2022-00040,1,2022-04-08,FCL-1016,BP-30037,11,unit,B-2022-07618,accepted,BIN-13,posted
RCV-2022-00351,PO-2022-00041,1,2022-03-06,FCL-1011,BP-30068,24.94,kit,B-2022-23799,accepted,BIN-16,posted
RCV-2022-00352,PO-2022-00042,1,2022-04-13,FCL-1011,BP-30034,52,case,B-2022-56068,conditional,BIN-21,posted
RCV-2022-00353,PO-2022-00043,1,2022-03-22,FCL-1024,BP-30043,67,case,B-2022-92360,conditional,BIN-35,posted
RCV-2022-00354,PO-2022-00044,1,2022-04-10,FCL-1010,BP-30078,40,case,B-2022-96336,accepted,BIN-14,posted
RCV-2022-00355,PO-2022-00045,1,2022-04-30,FCL-1007,BP-30078,3,sealed_lot,B-2022-66624,accepted,BIN-15,posted
RCV-2022-00356,PO-2022-00046,1,2022-05-10,FCL-1003,BP-30068,4,unit,B-2022-12055,accepted,BIN-13,posted
RCV-2022-00357,PO-2022-00047,1,2022-05-02,FCL-1009,BP-30021,11,kit,B-2022-67746,accepted,BIN-36,posted
RCV-2022-00358,PO-2022-00048,1,2022-06-06,FCL-1010,BP-30012,1,grant,B-2022-09874,accepted,BIN-02,posted
RCV-2022-00359,PO-2022-00049,1,2022-06-14,FCL-1030,BP-30048,63,case,B-2022-26360,accepted,BIN-25,posted
RCV-2022-00360,PO-2022-00051,1,2022-08-12,FCL-1007,BP-30030,0.82,contract,B-2022-32236,accepted,BIN-34,posted
RCV-2022-00361,PO-2022-00053,1,2022-08-25,FCL-1011,BP-30059,1,unit,B-2022-54063,accepted,BIN-32,posted
RCV-2022-00362,PO-2022-00055,1,2022-09-10,FCL-1009,BP-30015,77,case,B-2022-87949,accepted,BIN-16,posted
RCV-2022-00363,PO-2022-00056,1,2022-10-20,FCL-1025,BP-30011,1,service,B-2022-71722,conditional,BIN-34,posted
RCV-2022-00364,PO-2022-00057,1,2022-10-10,FCL-1011,BP-30043,2,pallet,B-2022-32763,accepted,BIN-27,posted
RCV-2022-00365,PO-2022-00058,1,2022-11-10,FCL-1015,BP-30029,72,case,B-2022-79591,,BIN-25,posted
RCV-2022-00366,PO-2022-00059,1,2022-10-24,FCL-1011,BP-30066,76,case,B-2022-17484,accepted,BIN-30,posted
RCV-2022-00367,PO-2022-00060,1,2022-11-03,FCL-1025,BP-30050,63,case,B-2022-05346,held,BIN-40,quality_hold
RCV-2022-00368,PO-2022-00061,1,2022-10-12,FCL-1015,BP-30040,5.56,unit,B-2022-21694,held,BIN-38,quality_hold
RCV-2022-00369,PO-2022-00062,1,2022-10-20,FCL-1026,BP-30055,10,pack,B-2022-40580,accepted,BIN-42,posted
RCV-2022-00370,PO-2022-00063,1,2022-10-22,FCL-1001,BP-30015,1,service,B-2022-12552,accepted,BIN-23,posted
RCV-2022-00371,PO-2022-00064,1,2022-11-10,FCL-1023,BP-30037,1,service,B-2022-67976,accepted,BIN-14,posted
RCV-2022-00372,PO-2022-00065,1,2022-11-16,FCL-1007,BP-30078,9,case,B-2022-99979,accepted,BIN-16,posted
RCV-2022-00373,PO-2022-00066,1,2022-11-18,FCL-1011,BP-30020,6.31,unit,B-2022-28121,accepted,BIN-27,posted
RCV-2022-00374,PO-2022-00067,1,2022-11-19,FCL-1011,BP-30050,9,unit,B-2022-40215,conditional,BIN-09,posted
RCV-2022-00375,PO-2022-00068,1,2022-11-19,FCL-1030,BP-30022,1,service,B-2022-90430,accepted,BIN-12,posted
RCV-2022-00376,PO-2022-00069,1,2022-10-16,FCL-1004,BP-30042,1,contract,B-2022-99162,accepted,BIN-12,posted
RCV-2022-00377,PO-2022-00070,1,2022-11-04,FCL-1018,BP-30072,22,unit,B-2022-21988,accepted,BIN-16,posted
RCV-2022-00378,PO-2022-00071,1,2022-11-16,FCL-1016,BP-30002,52,pack,B-2022-37334,accepted,BIN-17,posted
RCV-2022-00379,PO-2022-00072,1,2022-10-20,FCL-1020,BP-30073,1,service,B-2022-52418,accepted,BIN-41,posted
RCV-2022-00380,PO-2022-00073,1,2022-11-16,FCL-1023,BP-30072,1,service,B-2022-22679,accepted,BIN-36,posted
RCV-2022-00381,PO-2022-00074,1,2022-11-03,FCL-1011,BP-30034,1,service,B-2022-40743,accepted,BIN-31,posted
RCV-2022-00382,PO-2022-00075,1,2022-10-31,FCL-1011,BP-30055,37.9,case,B-2022-25524,accepted,BIN-05,posted
RCV-2022-00383,PO-2022-00077,1,2022-11-21,FCL-1011,BP-30030,5,unit,B-2022-10404,accepted,BIN-20,posted
RCV-2022-00384,PO-2022-00078,1,2022-11-01,FCL-1002,BP-30050,43,case,B-2022-12172,accepted,BIN-39,posted
RCV-2022-00385,PO-2022-00080,1,2022-11-29,FCL-1010,BP-30077,10,sealed_lot,B-2022-98092,accepted,BIN-22,posted
RCV-2022-00386,PO-2022-00081,1,2022-11-07,FCL-1011,BP-30047,1,service,B-2022-51872,accepted,BIN-40,posted
RCV-2022-00387,PO-2022-00082,1,2022-12-02,FCL-1011,BP-30056,24,pack,B-2022-00820,conditional,BIN-30,posted
RCV-2022-00388,PO-2022-00083,1,2022-11-19,FCL-1011,BP-30056,"2,56",unit,B-2022-35310,accepted,BIN-12,posted
RCV-2022-00389,PO-2022-00084,1,2022-11-09,FCL-1011,BP-30056,79,case,B-2022-73976,accepted,BIN-40,posted
RCV-2022-00390,PO-2022-00085,1,2022-11-17,FCL-1011,BP-30053,0.95,service,B-2022-31740,conditional,BIN-24,posted
RCV-2022-00391,PO-2022-00086,1,2022-12-01,FCL-1014,BP-30043,0.8,service,B-2022-11645,accepted,BIN-23,posted
RCV-2023-00392,PO-2022-00088,1,2023-01-15,FCL-1029,BP-30035,16,kit,B-2023-56714,accepted,BIN-09,posted
RCV-2022-00393,PO-2022-00089,1,2022-12-28,FCL-1011,BP-30029,17,unit,B-2022-63053,accepted,BIN-06,posted
RCV-2023-00394,PO-2022-00090,1,2023-01-22,FCL-1020,BP-30001,1,service,B-2023-46830,accepted,BIN-16,posted
RCV-2023-00395,PO-2022-00091,1,2023-01-03,FCL-1007,BP-30062,10,unit,B-2023-77398,conditional,BIN-07,posted
RCV-2023-00396,PO-2023-00001,1,2023-02-10,FCL-1007,BP-30024,1,service,B-2023-99075,conditional,BIN-20,posted
RCV-2023-00397,PO-2023-00002,1,2023-02-22,FCL-1011,BP-30060,1.89,sealed_lot,B-2023-08371,accepted,BIN-25,posted
RCV-2023-00398,PO-2023-00003,1,2023-02-25,FCL-1026,BP-30057,10,kit,B-2023-12436,accepted,BIN-02,posted
RCV-2023-00399,PO-2023-00006,1,2023-02-24,FCL-1015,BP-30021,25,pallet,B-2023-89211,accepted,BIN-14,posted
RCV-2023-00400,PO-2023-00007,1,2023-03-07,FCL-1003,BP-30064,1,service,B-2023-84307,accepted,BIN-38,posted
RCV-2023-00401,PO-2023-00008,1,2023-03-18,FCL-1011,BP-30011,13,pallet,B-2023-40919,conditional,BIN-30,posted
RCV-2023-00402,PO-2023-00009,1,2023-02-26,FCL-1011,BP-30001,80,case,B-2023-33084,accepted,BIN-14,posted
RCV-2023-00403,PO-2023-00011,1,2023-03-30,FCL-1019,BP-30078,28,case,B-2023-56672,accepted,BIN-08,posted
RCV-2023-00404,PO-2023-00012,1,2023-04-06,FCL-1007,BP-30078,40.6,case,B-2023-13225,held,BIN-34,quality_hold
RCV-2023-00405,PO-2023-00016,1,2023-05-03,FCL-1029,BP-30022,1,grant,B-2023-20099,accepted,BIN-08,posted
RCV-2023-00406,PO-2023-00017,1,2023-05-12,FCL-1011,BP-30042,78,case,B-2023-58037,conditional,BIN-06,posted
RCV-2023-00407,PO-2023-00018,1,2023-05-19,FCL-1007,BP-30078,1,contract,B-2023-41341,accepted,BIN-01,posted
RCV-2023-00408,PO-2023-00019,1,2023-04-19,FCL-1020,BP-30024,31,case,B-2023-28135,accepted,BIN-02,posted
RCV-2023-00409,PO-2023-00020,1,2023-04-24,FCL-1012,BP-30020,4,pallet,B-2023-91749,accepted,BIN-06,posted
RCV-2023-00410,PO-2023-00021,1,2023-04-20,FCL-1011,BP-30053,1,service,B-2023-92301,accepted,BIN-29,posted
RCV-2023-00411,PO-2023-00022,1,2023-04-23,FCL-1015,BP-30050,6,unit,B-2023-31095,held,BIN-34,quality_hold
RCV-2023-00412,PO-2023-00023,1,2023-05-18,FCL-1030,BP-30043,59.81,case,B-2023-78525,accepted,BIN-24,posted
RCV-2023-00413,PO-2023-00024,1,2023-05-22,FCL-1016,BP-30039,7,kit,B-2023-60777,accepted,BIN-41,posted
RCV-2023-00414,PO-2023-00025,1,2023-04-16,FCL-1011,BP-30046,87,case,B-2023-60587,accepted,BIN-04,posted
RCV-2023-00415,PO-2023-00027,1,2023-04-27,FCL-1030,BP-30060,17,unit,B-2023-93479,held,BIN-21,quality_hold
RCV-2023-00416,PO-2023-00029,1,2023-05-02,FCL-1011,BP-30008,1,service,B-2023-99518,accepted,BIN-05,posted
RCV-2023-00417,PO-2023-00030,1,2023-05-11,FCL-1023,BP-30068,84,case,B-2023-01951,held,BIN-36,quality_hold
RCV-2023-00418,PO-2023-00031,1,2023-04-26,FCL-1011,BP-30044,4 kit,kit,B-2023-78998,accepted,BIN-01,posted
RCV-2023-00419,PO-2023-00032,1,2023-05-12,FCL-1030,BP-30028,22,unit,B-2023-33917,accepted,BIN-35,posted
RCV-2023-00420,PO-2023-00033,1,2023-05-17,FCL-1019,BP-30054,11,unit,B-2023-81487,accepted,BIN-09,posted
RCV-2023-00421,PO-2023-00035,1,2023-05-14,FCL-1007,BP-30078,50,pallet,B-2023-40720,conditional,BIN-35,posted
RCV-2023-00422,PO-2023-00036,1,2023-05-25,FCL-1024,BP-30044,84,case,B-2023-39320,accepted,BIN-32,posted
RCV-2023-00423,PO-2023-00037,1,2023-05-11,FCL-1011,BP-30052,"35,65",pallet,B-2023-83066,conditional,BIN-38,posted
RCV-2023-00424,PO-2023-00038,1,2023-05-13,FCL-1030,BP-30055,23.16,kit,B-2023-10603,accepted,BIN-31,posted
RCV-2023-00425,PO-2023-00039,1,2023-04-29,FCL-1019,BP-30078,64,case,B-2023-58454,accepted,BIN-19,posted
RCV-2023-00426,PO-2023-00040,1,2023-05-29,FCL-1011,BP-30046,12,kit,B-2023-38809,accepted,BIN-38,posted
RCV-2023-00427,PO-2023-00041,1,2023-05-09,FCL-1025,BP-30044,30,kit,B-2023-13278,accepted,BIN-28,posted
RCV-2023-00428,PO-2023-00042,1,2023-05-28,FCL-1025,BP-30072,3,kit,B-2023-65898,accepted,BIN-35,posted
RCV-2023-00429,PO-2023-00043,1,2023-05-24,FCL-1014,BP-30001,29,kit,B-2023-15628,accepted,BIN-21,posted
RCV-2023-00430,PO-2023-00044,1,2023-04-28,FCL-1019,BP-30017,18,pack,B-2023-58959,accepted,BIN-06,posted
RCV-2023-00431,PO-2023-00045,1,2023-05-21,FCL-1003,BP-30009,50,case,B-2023-15939,accepted,BIN-40,posted
RCV-2023-00432,PO-2023-00046,1,2023-05-17,FCL-1013,BP-30031,3,kit,B-2023-99718,accepted,BIN-27,posted
RCV-2023-00433,PO-2023-00047,1,2023-05-02,FCL-1019,BP-30009,0.82,service,B-2023-29626,,BIN-28,posted
RCV-2023-00434,PO-2023-00048,1,2023-04-30,FCL-1007,BP-30078,1 contract,contract,B-2023-26658,accepted,BIN-10,posted
RCV-2023-00435,PO-2023-00049,1,2023-05-19,FCL-1011,BP-30009,15,sealed_lot,B-2023-06251,accepted,BIN-38,posted
RCV-2023-00436,PO-2023-00050,1,2023-05-13,FCL-1030,BP-30021,48,pallet,B-2023-51613,accepted,BIN-20,posted
RCV-2023-00437,PO-2023-00051,1,2023-05-31,FCL-1007,BP-30078,1,contract,B-2023-54289,accepted,BIN-01,posted
RCV-2023-00438,PO-2023-00052,1,2023-05-27,FCL-1016,BP-30022,46,pallet,B-2023-13774,accepted,BIN-36,posted
RCV-2023-00439,PO-2023-00053,1,2023-06-03,FCL-1007,BP-30038,13.26,kit,B-2023-17719,accepted,BIN-21,posted
RCV-2023-00440,PO-2023-00054,1,2023-05-25,FCL-1016,BP-30039,1,service,B-2023-17342,accepted,BIN-23,posted
RCV-2023-00441,PO-2023-00055,1,2023-05-10,FCL-1012,BP-30037,0.85,service,B-2023-34723,accepted,BIN-17,posted
RCV-2023-00442,PO-2023-00056,1,2023-06-25,FCL-1010,BP-30059,17,kit,B-2023-87844,accepted,BIN-34,posted
RCV-2023-00443,PO-2023-00057,1,2023/09/03,FCL-1004,BP-30059,1,contract,B-2023-79427,accepted,BIN-20,posted
RCV-2023-00444,PO-2023-00058,1,2023-09-17,FCL-1011,BP-30030,44,pallet,B-2023-40424,accepted,BIN-19,posted
RCV-2023-00445,PO-2023-00059,1,2023-09-29,FCL-1025,BP-30026,10,unit,B-2023-71824,accepted,BIN-29,posted
RCV-2023-00446,PO-2023-00060,1,2023-09-15,FCL-1030,BP-30078,58,case,B-2023-17175,accepted,BIN-29,posted
RCV-2023-00447,PO-2023-00061,1,2023-09-29,FCL-1011,BP-30056,65.9,case,B-2023-22475,accepted,BIN-36,posted
RCV-2023-00448,PO-2023-00062,1,2023-09-14,FCL-1011,BP-30018,14,unit,B-2023-08875,accepted,BIN-31,posted
RCV-2023-00449,PO-2023-00063,1,2023-09-18,FCL-1030,BP-30033,10,pallet,B-2023-57153,held,BIN-07,quality_hold
RCV-2023-00450,PO-2023-00064,1,2023-09-28,FCL-1018,BP-30049,1,service,B-2023-22285,accepted,BIN-42,posted
RCV-2023-00451,PO-2023-00065,1,2023-10-09,FCL-1014,BP-30080,24,unit,B-2023-94836,accepted,BIN-03,posted
RCV-2023-00452,PO-2023-00066,1,2023-09-26,FCL-1019,BP-30078,0.9,grant,B-2023-97349,accepted,BIN-17,posted
RCV-2023-00453,PO-2023-00067,1,2023-10-09,FCL-1007,BP-30078,10,sealed_lot,B-2023-08311,accepted,BIN-30,posted
RCV-2023-00454,PO-2023-00068,1,2023-10-10,FCL-1010,BP-30008,46,case,B-2023-64037,accepted,BIN-07,posted
RCV-2023-00455,PO-2023-00069,1,2023-10-09,FCL-1010,BP-30033,11,kit,B-2023-53302,accepted,BIN-31,posted
RCV-2023-00456,PO-2023-00070,1,2023-09-21,FCL-1010,BP-30079,22.41,case,B-2023-92740,accepted,BIN-31,posted
RCV-2023-00457,PO-2023-00071,1,2023-09-27,FCL-1019,BP-30035,20,kit,B-2023-80470,accepted,BIN-15,posted
RCV-2023-00458,PO-2023-00072,1,2023-10-15,FCL-1002,BP-30056,23,unit,B-2023-95641,accepted,BIN-38,posted
RCV-2023-00459,PO-2023-00073,1,2023-10-22,FCL-1005,BP-30041,64,case,B-2023-56839,accepted,BIN-19,posted
RCV-2023-00460,PO-2023-00074,1,2023-09-19,FCL-1029,BP-30005,5,sealed_lot,B-2023-78292,accepted,BIN-26,posted
RCV-2023-00461,PO-2023-00076,1,2023-10-10,FCL-1008,BP-30040,1,service,B-2023-73973,accepted,BIN-41,posted
RCV-2023-00462,PO-2023-00077,1,2023-10-06,FCL-1020,BP-30014,19,unit,B-2023-01053,accepted,BIN-11,posted
RCV-2023-00463,PO-2023-00079,1,2023-10-12,FCL-1026,BP-30079,16,unit,B-2023-53692,accepted,BIN-12,posted
RCV-2023-00464,PO-2023-00080,1,2023-10-01,FCL-1011,BP-30053,88,case,B-2023-04048,held,BIN-02,quality_hold
RCV-2023-00465,PO-2023-00081,1,2023-09-25,FCL-1005,BP-30047,14,sealed_lot,B-2023-29378,conditional,BIN-27,posted
RCV-2023-00466,PO-2023-00082,1,2023-10-09,FCL-1015,BP-30079,65,case,B-2023-51298,accepted,BIN-17,posted
RCV-2023-00467,PO-2023-00083,1,2023-10-10,FCL-1018,BP-30047,9,kit,B-2023-38982,accepted,BIN-03,posted
RCV-2023-00468,PO-2023-00084,1,2023-10-13,FCL-1011,BP-30080,12,unit,B-2023-19451,accepted,BIN-15,posted
RCV-2023-00469,PO-2023-00085,1,2023-10-03,FCL-1001,BP-30042,1,service,B-2023-73826,accepted,BIN-22,posted
RCV-2023-00470,PO-2023-00086,1,2023-10-22,FCL-1007,BP-30078,1,service,B-2023-96735,held,BIN-18,quality_hold
RCV-2023-00471,PO-2023-00087,1,2023-10-03,FCL-1012,BP-30047,12,unit,B-2023-31904,accepted,BIN-22,posted
RCV-2023-00472,PO-2023-00088,1,2023-10-27,FCL-1020,BP-30049,53,case,B-2023-60889,accepted,BIN-13,posted
RCV-2023-00473,PO-2023-00089,1,2023-11-02,FCL-1010,BP-30038,81,case,B-2023-00074,accepted,BIN-41,posted
RCV-2023-00474,PO-2023-00090,1,2023-10-15,FCL-1011,BP-30056,3,unit,B-2023-61427,accepted,BIN-11,posted
RCV-2023-00475,PO-2023-00091,1,2023-11-05,FCL-1002,BP-30066,72,case,B-2023-05211,conditional,BIN-02,posted
RCV-2023-00476,PO-2023-00092,1,2023-10-18,FCL-1030,BP-30073,14,pallet,B-2023-19514,accepted,BIN-41,posted
RCV-2023-00477,PO-2023-00093,1,2023-10-27,FCL-1030,BP-30043,39,pallet,B-2023-25964,accepted,BIN-16,posted
RCV-2023-00478,PO-2023-00094,1,2023-10-10,FCL-1005,BP-30078,45,case,B-2023-27361,accepted,BIN-15,posted
RCV-2023-00479,PO-2023-00095,1,2023-10-18,FCL-1003,BP-30043,1,service,B-2023-19629,conditional,BIN-07,posted
RCV-2023-00480,PO-2023-00096,1,2023-10-01,FCL-1019,BP-30046,0.97,service,B-2023-41305,held,BIN-17,quality_hold
RCV-2023-00481,PO-2023-00097,1,2023-10-07,FCL-1007,BP-30041,1,service,B-2023-27691,accepted,BIN-02,posted
RCV-2023-00482,PO-2023-00098,1,2023-10-03,FCL-1020,BP-30043,14,sealed_lot,B-2023-95833,accepted,BIN-03,posted
RCV-2023-00483,PO-2023-00099,1,2023-11-02,FCL-1009,BP-30058,27,pallet,B-2023-80736,accepted,BIN-06,posted
RCV-2023-00484,PO-2023-00100,1,2023-10-08,FCL-1029,BP-30060,1,service,B-2023-22245,accepted,BIN-35,posted
RCV-2023-00485,PO-2023-00101,1,2023-10-20,FCL-1024,BP-30049,23.64,case,B-2023-16690,accepted,BIN-13,posted
RCV-2023-00486,PO-2023-00103,1,2023-11-13,FCL-1019,BP-30078,3,unit,B-2023-63155,accepted,BIN-29,posted
RCV-2023-00487,PO-2023-00104,1,2023-11-13,FCL-1010,BP-30032,6,unit,B-2023-22030,accepted,BIN-26,posted
RCV-2023-00488,PO-2023-00105,1,2023-12-08,FCL-1015,BP-30054,15,pallet,B-2023-91923,accepted,BIN-34,posted
RCV-2023-00489,PO-2023-00106,1,2023-12-30,FCL-1016,BP-30037,1,service,B-2023-07351,accepted,BIN-34,posted
RCV-2024-00490,PO-2023-00107,1,2024-01-13,FCL-1011,BP-30056,13,unit,B-2024-26832,accepted,BIN-41,posted
RCV-2024-00491,PO-2024-00001,1,2024-01-12,FCL-1011,BP-30056,39,pack,B-2024-97427,accepted,BIN-34,posted
RCV-2024-00492,PO-2024-00002,1,2024-02-10,FCL-1010,BP-30078,13,case,B-2024-44884,accepted,BIN-31,posted
RCV-2024-00493,PO-2024-00003,1,2024-02-29,FCL-1010,BP-30078,81,case,B-2024-68214,accepted,BIN-42,posted
RCV-2024-00494,PO-2024-00004,1,2024-02-27,FCL-1020,BP-30049,43,pack,B-2024-61779,conditional,BIN-09,posted
RCV-2024-00495,PO-2024-00005,1,2024-03-09,FCL-1017,BP-30059,6,unit,B-2024-44326,accepted,BIN-32,posted
RCV-2024-00496,PO-2024-00006,1,2024-03-12,FCL-1030,BP-30078,24,unit,B-2024-84729,held,BIN-41,quality_hold
RCV-2024-00497,PO-2024-00007,1,2024-05-02,FCL-1011,BP-30020,11.24,case,B-2024-63702,accepted,BIN-12,posted
RCV-2024-00498,PO-2024-00008,1,2024-06-09,FCL-1019,BP-30078,38,case,B-2024-58717,accepted,BIN-08,posted
RCV-2024-00499,PO-2024-00009,1,2024-06-23,FCL-1019,BP-30078,24,pallet,B-2024-20315,conditional,BIN-12,posted
RCV-2024-00500,PO-2024-00010,1,2024-06-12,FCL-1029,BP-30034,24,unit,B-2024-92548,accepted,BIN-04,posted
RCV-2024-00501,PO-2024-00011,1,2024-06-13,FCL-1011,BP-30080,16,unit,B-2024-60313,accepted,BIN-32,posted
RCV-2024-00502,PO-2024-00013,1,2024-06-30,FCL-1011,BP-30032,1,service,B-2024-23135,accepted,BIN-27,posted
RCV-2024-00503,PO-2024-00014,1,2024-07-12,FCL-1007,BP-30078,20,unit,B-2024-94670,accepted,BIN-09,posted
RCV-2024-00504,PO-2024-00015,1,2024-07-06,FCL-1029,BP-30026,20,pack,B-2024-95459,accepted,BIN-13,posted
RCV-2024-00505,PO-2024-00016,1,2024-06-22,FCL-1011,BP-30049,54,case,B-2024-41763,accepted,BIN-03,posted
RCV-2024-00506,PO-2024-00017,1,2024-06-17,FCL-1019,BP-30078,60,pack,B-2024-23610,accepted,BIN-28,posted
RCV-2024-00507,PO-2024-00018,1,2024-07-15,FCL-1006,BP-30064,1,service,B-2024-73915,accepted,BIN-21,posted
RCV-2024-00508,PO-2024-00019,1,2024-06-24,FCL-1030,BP-30064,14,kit,B-2024-31317,accepted,BIN-21,posted
RCV-2024-00509,PO-2024-00020,1,2024-06-17,FCL-1019,BP-30078,4.89,sealed_lot,B-2024-61932,accepted,BIN-18,posted
RCV-2024-00510,PO-2024-00021,1,2024-06-26,FCL-1010,BP-30054,1,service,B-2024-92344,accepted,BIN-16,posted
RCV-2024-00511,PO-2024-00022,1,2024-07-12,FCL-1011,BP-30039,1,grant,B-2024-41439,accepted,BIN-27,posted
RCV-2024-00512,PO-2024-00023,1,2024-07-05,FCL-1019,BP-30078,1,contract,B-2024-50765,accepted,BIN-31,posted
RCV-2024-00513,PO-2024-00024,1,2024-07-17,FCL-1007,BP-30019,1,contract,B-2024-76384,conditional,BIN-33,posted
RCV-2024-00514,PO-2024-00025,1,2024-07-08,FCL-1027,BP-30014,1,unit,B-2024-32472,accepted,BIN-13,posted
RCV-2024-00515,PO-2024-00026,1,2024-07-02,FCL-1028,BP-30012,27,case,B-2024-81810,accepted,BIN-39,posted
RCV-2024-00516,PO-2024-00027,1,2024-06-20,FCL-1029,BP-30074,5,case,B-2024-07145,conditional,BIN-34,posted
RCV-2024-00517,PO-2024-00028,1,2024-07-11,FCL-1010,BP-30053,15,unit,B-2024-48804,conditional,BIN-31,posted
RCV-2024-00518,PO-2024-00029,1,2024-07-12,FCL-1019,BP-30041,23,case,B-2024-31434,accepted,BIN-27,posted
RCV-2024-00519,PO-2024-00030,1,2024-07-28,FCL-1019,BP-30080,8,unit,B-2024-63447,accepted,BIN-24,posted
RCV-2024-00520,PO-2024-00031,1,2024-07-21,FCL-1007,BP-30078,1,service,B-2024-60249,accepted,BIN-01,posted
RCV-2024-00521,PO-2024-00032,1,2024-07-08,FCL-1007,BP-30057,16,case,B-2024-33973,accepted,BIN-04,posted
RCV-2024-00522,PO-2024-00033,1,2024-07-06,FCL-1011,BP-30014,1,unit,B-2024-47739,accepted,BIN-34,posted
RCV-2024-00523,PO-2024-00034,1,2024-07-25,FCL-1011,BP-30013,17,case,B-2024-39232,accepted,BIN-41,posted
RCV-2024-00524,PO-2024-00035,1,2024-07-25,FCL-1020,BP-30008,1,service,B-2024-30757,accepted,BIN-36,posted
RCV-2024-00525,PO-2024-00036,1,2024-07-20,FCL-1002,BP-30054,18,pack,B-2024-61130,conditional,BIN-27,posted
RCV-2024-00526,PO-2024-00037,1,2024-07-23,FCL-1019,BP-30021,1,grant,B-2024-27239,accepted,BIN-01,posted
RCV-2024-00527,PO-2024-00038,1,2024-07-04,FCL-1016,BP-30033,24,pallet,B-2024-12365,held,BIN-10,quality_hold
RCV-2024-00528,PO-2024-00039,1,12/07/2024,FCL-1025,BP-30025,4,case,B-2024-96504,held,BIN-39,quality_hold
RCV-2024-00529,PO-2024-00040,1,2024-07-07,FCL-1011,BP-30025,22,unit,B-2024-42791,accepted,BIN-07,posted
RCV-2024-00530,PO-2024-00041,1,2024-07-05,FCL-1002,BP-30060,15,unit,B-2024-79957,conditional,BIN-23,posted
RCV-2024-00531,PO-2024-00042,1,2024-07-24,FCL-1009,BP-30058,1,service,B-2024-22166,accepted,BIN-32,posted
RCV-2024-00532,PO-2024-00043,1,2024-07-15,FCL-1016,BP-30059,47.13,case,B-2024-66071,accepted,BIN-09,posted
RCV-2024-00533,PO-2024-00044,1,2024-07-30,FCL-1011,BP-30041,87,case,B-2024-07761,accepted,BIN-04,posted
RCV-2024-00534,PO-2024-00045,1,2024-07-19,FCL-1008,BP-30033,58.28,case,B-2024-39765,accepted,BIN-36,posted
RCV-2024-00535,PO-2024-00046,1,2024-07-28,FCL-1010,BP-30007,49,pallet,B-2024-35975,accepted,BIN-35,posted
RCV-2024-00536,PO-2024-00047,1,2024-07-17,FCL-1007,BP-30078,33,case,B-2024-94935,conditional,BIN-22,posted
RCV-2024-00537,PO-2024-00048,1,2024-07-10,FCL-1016,BP-30029,4,case,B-2024-65734,accepted,BIN-30,posted
RCV-2024-00538,PO-2024-00049,1,2024-08-03,FCL-1025,BP-30028,44,case,B-2024-94114,accepted,BIN-04,posted
RCV-2024-00539,PO-2024-00050,1,2024-08-05,FCL-1030,BP-30023,8,pack,B-2024-67393,accepted,BIN-30,posted
RCV-2024-00540,PO-2024-00051,1,2024-08-27,FCL-1020,BP-30078,16,kit,B-2024-36125,accepted,BIN-01,posted
RCV-2024-00541,PO-2024-00053,1,2024-09-03,FCL-1011,BP-30007,17,sealed_lot,B-2024-99848,accepted,BIN-34,posted
RCV-2024-00542,PO-2024-00055,1,2024-10-19,FCL-1001,BP-30033,15.14,kit,B-2024-53261,accepted,BIN-41,posted
RCV-2024-00543,PO-2024-00056,1,2024-10-17,FCL-1011,BP-30056,51,case,B-2024-31194,accepted,BIN-25,posted
RCV-2024-00544,PO-2024-00057,1,2024-11-15,FCL-1011,BP-30012,1 service,service,B-2024-41368,accepted,BIN-17,posted
RCV-2024-00545,PO-2024-00058,1,2024-11-25,FCL-1030,BP-30028,19,kit,B-2024-18768,conditional,BIN-34,posted
RCV-2024-00546,PO-2024-00059,1,2024-11-05,FCL-1024,BP-30060,14,kit,B-2024-36146,accepted,BIN-02,posted
RCV-2024-00547,PO-2024-00060,1,2024-11-26,FCL-1014,BP-30049,1,service,B-2024-34865,accepted,BIN-18,posted
RCV-2024-00548,PO-2024-00061,1,2024-12-02,FCL-1008,BP-30020,25,unit,B-2024-15642,accepted,BIN-08,posted
RCV-2024-00549,PO-2024-00062,1,2024-12-17,FCL-1011,BP-30065,11 unit,unit,B-2024-46522,accepted,BIN-26,posted
RCV-2025-00550,PO-2025-00001,1,2025-01-27,FCL-1030,BP-30052,1,service,B-2025-71687,held,BIN-28,quality_hold
RCV-2025-00551,PO-2025-00002,1,2025-02-12,FCL-1010,BP-30017,3,unit,B-2025-35917,accepted,BIN-07,posted
RCV-2025-00552,PO-2025-00003,1,2025-02-17,FCL-1028,BP-30001,37,pallet,B-2025-06752,accepted,BIN-07,posted
RCV-2025-00553,PO-2025-00004,1,2025-03-02,FCL-1011,BP-30057,6,unit,B-2025-02952,conditional,BIN-23,posted
RCV-2025-00554,PO-2025-00005,1,2025-02-28,FCL-1006,BP-30032,1,service,B-2025-47427,held,BIN-03,quality_hold
RCV-2025-00555,PO-2025-00006,1,2025-03-09,FCL-1010,BP-30022,9,sealed_lot,B-2025-40886,accepted,BIN-38,posted
RCV-2025-00556,PO-2025-00007,1,2025-03-23,FCL-1030,BP-30058,12,unit,B-2025-11833,conditional,BIN-02,posted
RCV-2025-00557,PO-2025-00008,1,2025-04-16,FCL-1011,BP-30079,31,case,B-2025-87143,conditional,BIN-11,posted
RCV-2025-00558,PO-2025-00009,1,2025-05-13,FCL-1030,BP-30078,16,unit,B-2025-94131,accepted,BIN-28,posted
RCV-2025-00559,PO-2025-00010,1,2025-05-18,FCL-1019,BP-30078,2,unit,B-2025-62109,accepted,BIN-29,posted
RCV-2025-00560,PO-2025-00011,1,2025-06-01,FCL-1011,BP-30018,11,kit,B-2025-97546,accepted,BIN-40,posted
RCV-2025-00561,PO-2025-00012,1,2025-05-19,FCL-1019,BP-30078,1,service,B-2025-36372,accepted,BIN-33,posted
RCV-2025-00562,PO-2025-00013,1,2025-05-21,FCL-1007,BP-30078,1,service,B-2025-35665,accepted,BIN-40,posted
RCV-2025-00563,PO-2025-00014,1,2025-06-02,FCL-1007,BP-30078,15,unit,B-2025-67701,accepted,BIN-32,posted
RCV-2025-00564,PO-2025-00015,1,2025-06-14,FCL-1013,BP-30062,1,contract,B-2025-73222,accepted,BIN-41,posted
RCV-2025-00565,PO-2025-00016,1,2025-05-23,FCL-1009,BP-30080,23,unit,B-2025-44255,accepted,BIN-21,posted
RCV-2025-00566,PO-2025-00017,1,2025-05-21,FCL-1007,BP-30078,1,service,B-2025-87583,accepted,BIN-35,posted
RCV-2025-00567,PO-2025-00018,1,2025-06-07,FCL-1028,BP-30069,35,case,B-2025-23471,accepted,BIN-16,posted
RCV-2025-00568,PO-2025-00019,1,2025-06-07,FCL-1011,BP-30035,33,pallet,B-2025-65645,accepted,BIN-41,posted
RCV-2025-00569,PO-2025-00020,1,2025/06/11,FCL-1025,BP-30038,25,case,B-2025-95874,accepted,BIN-38,posted
RCV-2025-00570,PO-2025-00021,1,2025-05-22,FCL-1011,BP-30041,18,unit,B-2025-64308,accepted,BIN-02,posted
RCV-2025-00571,PO-2025-00022,1,2025-05-19,FCL-1025,BP-30062,8,kit,B-2025-85302,accepted,BIN-39,posted
RCV-2025-00572,PO-2025-00023,1,2025-06-03,FCL-1016,BP-30020,17,case,B-2025-39910,accepted,BIN-28,posted
RCV-2025-00573,PO-2025-00024,1,2025-05-25,FCL-1029,BP-30012,7,sealed_lot,B-2025-68812,accepted,BIN-16,posted
RCV-2025-00574,PO-2025-00025,1,2025-06-06,FCL-1015,BP-30028,1,service,B-2025-01891,accepted,BIN-33,posted
RCV-2025-00575,PO-2025-00026,1,2025-05-21,FCL-1003,BP-30013,4,unit,B-2025-71102,accepted,BIN-31,posted
RCV-2025-00576,PO-2025-00027,1,2025-05-24,FCL-1007,BP-30078,45,case,B-2025-58192,accepted,BIN-15,posted
RCV-2025-00577,PO-2025-00028,1,2025-05-27,FCL-1011,BP-30059,49,case,B-2025-24196,accepted,BIN-32,posted
RCV-2025-00578,PO-2025-00029,1,2025-06-04,FCL-1006,BP-30022,3,sealed_lot,B-2025-25683,accepted,BIN-18,posted
RCV-2025-00579,PO-2025-00030,1,2025-05-28,FCL-1029,BP-30009,20,kit,B-2025-37823,accepted,BIN-40,posted
RCV-2025-00580,PO-2025-00031,1,2025-05-25,FCL-1019,BP-30062,14,unit,B-2025-97317,accepted,BIN-15,posted
RCV-2025-00581,PO-2025-00032,1,2025-06-06,FCL-1011,BP-30053,33,pack,B-2025-64921,accepted,BIN-03,posted
RCV-2025-00582,PO-2025-00033,1,2025-06-15,FCL-1023,BP-30015,87,case,B-2025-48030,accepted,BIN-15,posted
RCV-2025-00583,PO-2025-00034,1,2025-06-06,FCL-1030,BP-30033,1,contract,B-2025-69581,accepted,BIN-37,posted
RCV-2025-00584,PO-2025-00036,1,2025-06-01,FCL-1010,BP-30001,64,case,B-2025-01544,accepted,BIN-29,posted
RCV-2025-00585,PO-2025-00037,1,2025-05-28,FCL-1019,BP-30078,1,service,B-2025-47991,accepted,BIN-41,posted
RCV-2025-00586,PO-2025-00038,1,2025-05-31,FCL-1020,BP-30012,0.94,service,B-2025-24746,accepted,BIN-26,posted
RCV-2025-00587,PO-2025-00039,1,2025-06-12,FCL-1016,BP-30072,55,case,B-2025-26162,accepted,BIN-08,posted
RCV-2025-00588,PO-2025-00040,1,2025-05-24,FCL-1011,BP-30034,51,case,B-2025-84523,accepted,BIN-20,posted
RCV-2025-00589,PO-2025-00041,1,2025-06-21,FCL-1009,BP-30039,0.78,service,B-2025-29804,accepted,BIN-23,posted
RCV-2025-00590,PO-2025-00042,1,2025-06-03,FCL-1016,BP-30042,4,unit,B-2025-57126,accepted,BIN-34,posted
RCV-2025-00591,PO-2025-00043,1,2025-06-21,FCL-1011,BP-30056,10,unit,B-2025-75548,accepted,BIN-07,posted
RCV-2025-00592,PO-2025-00044,1,2025-06-09,FCL-1020,BP-30044,1,service,B-2025-23282,accepted,BIN-07,posted
RCV-2025-00593,PO-2025-00045,1,2025-06-20,FCL-1019,BP-30078,25.94,pack,B-2025-24902,accepted,BIN-11,posted
RCV-2025-00594,PO-2025-00046,1,2025-06-26,FCL-1011,BP-30039,43,pallet,B-2025-60868,accepted,BIN-42,posted
RCV-2025-00595,PO-2025-00047,1,2025-06-12,FCL-1007,BP-30018,45,case,B-2025-17404,accepted,BIN-07,posted
RCV-2025-00596,PO-2025-00048,1,2025-06-01,FCL-1010,BP-30058,31.67,pack,B-2025-67653,accepted,BIN-40,posted
RCV-2025-00597,PO-2025-00049,1,2025-06-03,FCL-1010,BP-30009,1,service,B-2025-96582,accepted,BIN-17,posted
RCV-2025-00598,PO-2025-00050,1,2025-06-20,FCL-1007,BP-30017,55,pack,B-2025-06362,conditional,BIN-31,posted
RCV-2025-00599,PO-2025-00051,1,2025-05-30,FCL-1020,BP-30032,24,unit,B-2025-67225,accepted,BIN-09,posted
RCV-2025-00600,PO-2025-00052,1,2025-06-23,FCL-1011,BP-30030,16,pallet,B-2025-23399,accepted,BIN-03,posted
RCV-2025-00601,PO-2025-00053,1,2025-06-01,FCL-1003,BP-30047,60,case,B-2025-04421,accepted,BIN-08,posted
RCV-2025-00602,PO-2025-00054,1,2025-06-25,FCL-1014,BP-30077,26.73,case,B-2025-88694,accepted,BIN-06,posted
RCV-2025-00603,PO-2025-00055,1,2025-05-30,FCL-1010,BP-30057,2,unit,B-2025-37632,held,BIN-40,quality_hold
RCV-2025-00604,PO-2025-00056,1,2025-06-13,FCL-1011,BP-30017,37,pack,B-2025-53639,,BIN-15,posted
RCV-2025-00605,PO-2025-00057,1,2025-06-17,FCL-1011,BP-30028,13,case,B-2025-59163,accepted,BIN-05,posted
RCV-2025-00606,PO-2025-00059,1,2025-06-22,FCL-1025,BP-30007,15,unit,B-2025-69961,accepted,BIN-34,posted
RCV-2025-00607,PO-2025-00060,1,2025-06-08,FCL-1019,BP-30078,"53,3",case,B-2025-36562,accepted,BIN-32,posted
RCV-2025-00608,PO-2025-00061,1,2025-06-28,FCL-1011,BP-30056,1,service,B-2025-42727,accepted,BIN-12,posted
RCV-2025-00609,PO-2025-00062,1,2025-06-30,FCL-1020,BP-30028,21,pallet,B-2025-90726,accepted,BIN-07,posted
RCV-2025-00610,PO-2025-00063,1,30/06/2025,FCL-1014,BP-30055,24,case,B-2025-90528,accepted,BIN-26,posted
RCV-2022-00319,PO-2022-00007,1,2022-02-22,FCL-1020,BP-30026,30,pallet,B-2022-05211,accepted,BIN-42,posted
RCV-2016-00036,PO-2016-00010,1,2016-04-13,FCL-1010,BP-30054,6,case,B-2016-87541,accepted,BIN-22,posted
