regulatory_event_id,case_number,case_category,event_time,activity,subject_name,subject_registration_number,agency_name,initiating_source,assigned_unit,related_site_code,related_shipment_number,previous_status,new_status,outcome,public_reference
RGE-000001,REG-2018-0001,environmental_complaint,2018-05-14T09:00:00,case_opened,Avelora Agricultural Resilience Agency,,Tembara Customs Coordination Unit,civil society referral,integrity review,AVL-MAR,SHP-2018-00032,new,open,case registered,
RGE-000002,REG-2018-0001,environmental_complaint,2018-05-18T09:00:00,evidence_received,Avelora Agricultural Resilience Agency,,Tembara Customs Coordination Unit,civil society referral,integrity review,AVL-MAR,SHP-2018-00032,open,evidence_review,material received from Lantern Investigative Bureau,
RGE-000003,REG-2018-0001,environmental_complaint,2018-05-20T09:00:00,triage_review,Avelora Agricultural Resilience Agency,,Tembara Customs Coordination Unit,civil society referral,integrity review,AVL-MAR,SHP-2018-00032,evidence_review,assigned,case assigned,
RGE-000004,REG-2018-0001,environmental_complaint,2018-05-23T09:00:00,technical_review,Avelora Agricultural Resilience Agency,,Tembara Customs Coordination Unit,civil society referral,integrity review,AVL-MAR,SHP-2018-00032,assigned,findings_review,technical review completed,
RGE-000005,REG-2018-0001,environmental_complaint,2018-05-27T09:00:00,finding_issued,Avelora Agricultural Resilience Agency,,Tembara Customs Coordination Unit,civil society referral,integrity review,AVL-MAR,SHP-2018-00032,findings_review,monitoring,monitoring recommendation issued,
RGE-000006,REG-2018-0001,environmental_complaint,2018-06-01T09:00:00,case_closed,Avelora Agricultural Resilience Agency,,Tembara Customs Coordination Unit,civil society referral,integrity review,AVL-MAR,SHP-2018-00032,monitoring,closed,case closed,
RGE-000007,REG-2019-0002,environmental_complaint,2019-03-08T09:00:00,case_opened,Kintara Cave and Pollinator Authority,,Tembara Customs Coordination Unit,civil society referral,integrity review,KNT-KES,SHP-2018-00007,new,open,case registered,
RGE-000008,REG-2019-0002,environmental_complaint,2019-03-12T09:00:00,evidence_received,Kintara Cave and Pollinator Authority,,Tembara Customs Coordination Unit,civil society referral,integrity review,KNT-KES,SHP-2018-00007,open,evidence_review,material received from Pollinator Justice Network,
RGE-000009,REG-2019-0002,environmental_complaint,2019-03-14T09:00:00,triage_review,Kintara Cave and Pollinator Authority,,Tembara Customs Coordination Unit,civil society referral,integrity review,KNT-KES,SHP-2018-00007,evidence_review,assigned,case assigned,
RGE-000010,REG-2019-0002,environmental_complaint,2019-03-17T09:00:00,technical_review,Kintara Cave and Pollinator Authority,,Tembara Customs Coordination Unit,civil society referral,integrity review,KNT-KES,SHP-2018-00007,assigned,findings_review,technical review completed,
RGE-000011,REG-2019-0002,environmental_complaint,2019-03-21T09:00:00,finding_issued,Kintara Cave and Pollinator Authority,,Tembara Customs Coordination Unit,civil society referral,integrity review,KNT-KES,SHP-2018-00007,findings_review,monitoring,monitoring recommendation issued,
RGE-000012,REG-2019-0002,environmental_complaint,2019/03/26 09:00:00,case_closed,Kintara Cave and Pollinator Authority,,Tembara Customs Coordination Unit,civil society referral,integrity review,KNT-KES,SHP-2018-00007,monitoring,closed,case closed,
RGE-000013,REG-2020-0003,environmental_complaint,2020-07-30T09:00:00,case_opened,Meridian BioLogistics,REG-VLN-01001,Tembara Customs Coordination Unit,civil society referral,integrity review,TMB-PEL,SHP-2019-00009,new,open,case registered,PUB-2020-0004
RGE-000014,REG-2020-0003,environmental_complaint,2020-08-03T09:00:00,evidence_received,Meridian BioLogistics,REG-VLN-01001,Tembara Customs Coordination Unit,civil society referral,integrity review,TMB-PEL,SHP-2019-00009,open,evidence_review,material received from Earth Ledger Project,PUB-2020-0004
RGE-000015,REG-2020-0003,environmental_complaint,2020-08-05T09:00:00,triage_review,Meridian BioLogistics,REG-VLN-01001,Tembara Customs Coordination Unit,civil society referral,integrity review,TMB-PEL,SHP-2019-00009,evidence_review,assigned,case assigned,PUB-2020-0004
RGE-000016,REG-2020-0003,environmental_complaint,2020-08-08T09:00:00,technical_review,Meridian BioLogistics,REG-VLN-01001,Tembara Customs Coordination Unit,civil society referral,integrity review,TMB-PEL,SHP-2019-00009,assigned,findings_review,technical review completed,PUB-2020-0004
RGE-000017,REG-2020-0003,environmental_complaint,2020-08-11T09:00:00,referral_recorded,Meridian BioLogistics,REG-VLN-01001,Tembara Customs Coordination Unit,civil society referral,integrity review,TMB-PEL,SHP-2019-00009,findings_review,referred,operational review referred,PUB-2020-0004
RGE-000018,REG-2020-0003,environmental_complaint,2020-08-18T09:00:00,case_closed,Meridian BioLogistics,REG-VLN-01001,Tembara Customs Coordination Unit,civil society referral,integrity review,TMB-PEL,SHP-2019-00009,referred,closed,case closed after review,PUB-2020-0004
RGE-000019,REG-2021-0004,environmental_complaint,2021-05-08T09:00:00,case_opened,Avelora Agricultural Resilience Agency,,Tembara Customs Coordination Unit,civil society referral,integrity review,AVL-MAR,SHP-2021-00028,new,open,case registered,PUB-2021-0005
RGE-000020,REG-2021-0004,environmental_complaint,2021-05-12T09:00:00,evidence_received,Avelora Agricultural Resilience Agency,,Tembara Customs Coordination Unit,civil society referral,integrity review,AVL-MAR,SHP-2021-00028,open,evidence_review,material received from Common Ground Climate Forum,PUB-2021-0005
RGE-000021,REG-2021-0004,environmental_complaint,2021-05-14T09:00:00,triage_review,Avelora Agricultural Resilience Agency,,Tembara Customs Coordination Unit,civil society referral,integrity review,AVL-MAR,SHP-2021-00028,evidence_review,assigned,case assigned,PUB-2021-0005
RGE-000022,REG-2021-0004,environmental_complaint,2021-05-17T09:00:00,technical_review,Avelora Agricultural Resilience Agency,,Tembara Customs Coordination Unit,civil society referral,integrity review,AVL-MAR,SHP-2021-00028,assigned,findings_review,technical review completed,PUB-2021-0005
RGE-000023,REG-2021-0004,environmental_complaint,2021-05-21T09:00:00,finding_issued,Avelora Agricultural Resilience Agency,,Tembara Customs Coordination Unit,civil society referral,integrity review,AVL-MAR,SHP-2021-00028,findings_review,monitoring,monitoring recommendation issued,PUB-2021-0005
RGE-000024,REG-2021-0004,environmental_complaint,2021-05-26T09:00:00,case_closed,Avelora Agricultural Resilience Agency,,Tembara Customs Coordination Unit,civil society referral,integrity review,AVL-MAR,SHP-2021-00028,monitoring,closed,case closed,PUB-2021-0005
RGE-000025,REG-2021-0005,environmental_complaint,2021-08-29T09:00:00,case_opened,Meridian BioLogistics,REG-VLN-01001,Tembara Customs Coordination Unit,civil society referral,integrity review,AVL-MAR,SHP-2021-00028,new,open,case registered,PUB-2021-0006
RGE-000026,REG-2021-0005,environmental_complaint,2021-09-02T09:00:00,evidence_received,Meridian BioLogistics,REG-VLN-01001,Tembara Customs Coordination Unit,civil society referral,integrity review,AVL-MAR,SHP-2021-00028,open,evidence_review,material received from Earth Ledger Project,PUB-2021-0006
RGE-000027,REG-2021-0005,environmental_complaint,2021-09-04T09:00:00,triage_review,Meridian BioLogistics,REG-VLN-01001,Tembara Customs Coordination Unit,civil society referral,integrity review,AVL-MAR,SHP-2021-00028,evidence_review,assigned,case assigned,PUB-2021-0006
RGE-000028,REG-2021-0005,environmental_complaint,2021-09-07T09:00:00,technical_review,Meridian BioLogistics,REG-VLN-01001,Tembara Customs Coordination Unit,civil society referral,integrity review,AVL-MAR,SHP-2021-00028,assigned,findings_review,technical review completed,PUB-2021-0006
RGE-000029,REG-2021-0005,environmental_complaint,2021-09-10T09:00:00,referral_recorded,Meridian BioLogistics,REG-VLN-01001,Tembara Customs Coordination Unit,civil society referral,integrity review,AVL-MAR,SHP-2021-00028,findings_review,referred,operational review referred,PUB-2021-0006
RGE-000030,REG-2021-0005,environmental_complaint,2021-09-17T09:00:00,case_closed,Meridian BioLogistics,REG-VLN-01001,Tembara Customs Coordination Unit,civil society referral,integrity review,AVL-MAR,SHP-2021-00028,referred,closed,case closed after review,PUB-2021-0006
RGE-000031,REG-2022-0006,shipment_inspection,2022-02-06T09:00:00,case_opened,Tembara Biodiversity Service,,Orison Medical Audit Board,civil society referral,integrity review,TMB-NAC,SHP-2022-00018,new,open,case registered,
RGE-000032,REG-2022-0006,shipment_inspection,2022-02-10T09:00:00,evidence_received,Tembara Biodiversity Service,,Orison Medical Audit Board,civil society referral,integrity review,TMB-NAC,SHP-2022-00018,open,evidence_review,material received from Threshold Earth Observatory,
RGE-000033,REG-2022-0006,shipment_inspection,2022-02-12T09:00:00,triage_review,Tembara Biodiversity Service,,Orison Medical Audit Board,civil society referral,integrity review,TMB-NAC,SHP-2022-00018,evidence_review,assigned,case assigned,
RGE-000034,REG-2022-0006,shipment_inspection,2022-02-14T09:00:00,inspection_scheduled,Tembara Biodiversity Service,,Orison Medical Audit Board,civil society referral,integrity review,TMB-NAC,SHP-2022-00018,assigned,inspection_pending,inspection scheduled,
RGE-000035,REG-2022-0006,shipment_inspection,2022-02-17T09:00:00,inspection_completed,Tembara Biodiversity Service,,Orison Medical Audit Board,civil society referral,integrity review,TMB-NAC,SHP-2022-00018,inspection_pending,findings_review,inspection completed,
RGE-000036,REG-2022-0006,shipment_inspection,2022-02-19T09:00:00,finding_issued,Tembara Biodiversity Service,,Orison Medical Audit Board,civil society referral,integrity review,TMB-NAC,SHP-2022-00018,findings_review,monitoring,monitoring recommendation issued,
RGE-000037,REG-2022-0006,shipment_inspection,2022-02-24T09:00:00,case_closed,Tembara Biodiversity Service,,Orison Medical Audit Board,civil society referral,integrity review,TMB-NAC,SHP-2022-00018,monitoring,closed,case closed,
RGE-000038,REG-2022-0007,environmental_complaint,2022-10-23T09:00:00,case_opened,Avelora Agricultural Resilience Agency,,Tembara Customs Coordination Unit,civil society referral,integrity review,AVL-VEL,SHP-2023-00071,new,open,case registered,
RGE-000039,REG-2022-0007,environmental_complaint,2022-10-27T09:00:00,evidence_received,Avelora Agricultural Resilience Agency,,Tembara Customs Coordination Unit,civil society referral,integrity review,AVL-VEL,SHP-2023-00071,open,evidence_review,material received from Common Ground Climate Forum,
RGE-000040,REG-2022-0007,environmental_complaint,2022-10-29T09:00:00,triage_review,Avelora Agricultural Resilience Agency,,Tembara Customs Coordination Unit,civil society referral,integrity review,AVL-VEL,SHP-2023-00071,evidence_review,assigned,case assigned,
RGE-000041,REG-2022-0007,environmental_complaint,2022-11-01T09:00:00,technical_review,Avelora Agricultural Resilience Agency,,Tembara Customs Coordination Unit,civil society referral,integrity review,AVL-VEL,SHP-2023-00071,assigned,findings_review,technical review completed,
RGE-000042,REG-2022-0007,environmental_complaint,2022-11-05T09:00:00,finding_issued,Avelora Agricultural Resilience Agency,,Tembara Customs Coordination Unit,civil society referral,integrity review,AVL-VEL,SHP-2023-00071,findings_review,action_required,temporary restriction issued,
RGE-000043,REG-2022-0007,environmental_complaint,2022-11-14T09:00:00,case_closed,Avelora Agricultural Resilience Agency,,Tembara Customs Coordination Unit,civil society referral,integrity review,AVL-VEL,SHP-2023-00071,action_required,closed,action recorded,
RGE-000044,REG-2023-0008,environmental_complaint,2023-04-10T09:00:00,case_opened,Meridian BioLogistics,REG-VLN-01001,Tembara Customs Coordination Unit,civil society referral,integrity review,KNT-KES,SHP-2024-00007,new,open,case registered,
RGE-000045,REG-2023-0008,environmental_complaint,2023-04-14T09:00:00,evidence_received,Meridian BioLogistics,REG-VLN-01001,Tembara Customs Coordination Unit,civil society referral,integrity review,KNT-KES,SHP-2024-00007,open,evidence_review,material received from Lantern Investigative Bureau,
RGE-000046,REG-2023-0008,environmental_complaint,2023-04-16T09:00:00,triage_review,Meridian BioLogistics,REG-VLN-01001,Tembara Customs Coordination Unit,civil society referral,integrity review,KNT-KES,SHP-2024-00007,evidence_review,assigned,case assigned,
RGE-000047,REG-2023-0008,environmental_complaint,2023-04-19T09:00:00,technical_review,Meridian BioLogistics,REG-VLN-01001,Tembara Customs Coordination Unit,civil society referral,integrity review,KNT-KES,SHP-2024-00007,assigned,findings_review,technical review completed,
RGE-000048,REG-2023-0008,environmental_complaint,2023-04-22T09:00:00,referral_recorded,Meridian BioLogistics,REG-VLN-01001,Tembara Customs Coordination Unit,civil society referral,integrity review,KNT-KES,SHP-2024-00007,findings_review,referred,operational review referred,
RGE-000049,REG-2023-0008,environmental_complaint,2023-04-29T09:00:00,case_closed,Meridian BioLogistics,REG-VLN-01001,Tembara Customs Coordination Unit,civil society referral,integrity review,KNT-KES,SHP-2024-00007,referred,closed,case closed after review,
RGE-000050,REG-2024-0009,shipment_inspection,2024-05-31T09:00:00,case_opened,Meridian BioLogistics,REG-VLN-01001,Orison Medical Audit Board,civil society referral,integrity review,AVL-MAR,SHP-2024-00011,new,open,case registered,
RGE-000051,REG-2024-0009,shipment_inspection,2024-06-04T09:00:00,evidence_received,Meridian BioLogistics,REG-VLN-01001,Orison Medical Audit Board,civil society referral,integrity review,AVL-MAR,SHP-2024-00011,open,evidence_review,material received from Earth Ledger Project,
RGE-000052,REG-2024-0009,shipment_inspection,2024-06-06T09:00:00,triage_review,Meridian BioLogistics,REG-VLN-01001,Orison Medical Audit Board,civil society referral,integrity review,AVL-MAR,SHP-2024-00011,evidence_review,assigned,case assigned,
RGE-000053,REG-2024-0009,shipment_inspection,2024-06-08T09:00:00,inspection_scheduled,Meridian BioLogistics,REG-VLN-01001,Orison Medical Audit Board,civil society referral,integrity review,AVL-MAR,SHP-2024-00011,assigned,inspection_pending,inspection scheduled,
RGE-000054,REG-2024-0009,shipment_inspection,2024-06-11T09:00:00,inspection_completed,Meridian BioLogistics,REG-VLN-01001,Orison Medical Audit Board,civil society referral,integrity review,AVL-MAR,SHP-2024-00011,inspection_pending,findings_review,inspection completed,
RGE-000055,REG-2024-0009,shipment_inspection,2024-06-12T09:00:00,referral_recorded,Meridian BioLogistics,REG-VLN-01001,Orison Medical Audit Board,civil society referral,integrity review,AVL-MAR,SHP-2024-00011,findings_review,referred,operational review referred,
RGE-000056,REG-2024-0009,shipment_inspection,2024-06-19T09:00:00,case_closed,Meridian BioLogistics,REG-VLN-01001,Orison Medical Audit Board,civil society referral,integrity review,AVL-MAR,SHP-2024-00011,referred,closed,case closed after review,
RGE-000057,REG-2025-0010,environmental_complaint,2025-02-03T09:00:00,case_opened,Kintara Cave and Pollinator Authority,,Tembara Customs Coordination Unit,civil society referral,integrity review,KNT-SEN,SHP-2025-00005,new,open,case registered,
RGE-000058,REG-2025-0010,environmental_complaint,2025-02-07T09:00:00,evidence_received,Kintara Cave and Pollinator Authority,,Tembara Customs Coordination Unit,civil society referral,integrity review,KNT-SEN,SHP-2025-00005,open,evidence_review,material received from Pollinator Justice Network,
RGE-000059,REG-2025-0010,environmental_complaint,2025-02-09T09:00:00,triage_review,Kintara Cave and Pollinator Authority,,Tembara Customs Coordination Unit,civil society referral,integrity review,KNT-SEN,SHP-2025-00005,evidence_review,assigned,case assigned,
RGE-000060,REG-2025-0010,environmental_complaint,2025-02-12T09:00:00,technical_review,Kintara Cave and Pollinator Authority,,Tembara Customs Coordination Unit,civil society referral,integrity review,KNT-SEN,SHP-2025-00005,assigned,findings_review,technical review completed,
RGE-000061,REG-2025-0010,environmental_complaint,2025-02-16T09:00:00,finding_issued,Kintara Cave and Pollinator Authority,,Tembara Customs Coordination Unit,civil society referral,integrity review,KNT-SEN,SHP-2025-00005,findings_review,action_required,temporary restriction issued,
RGE-000062,REG-2025-0010,environmental_complaint,2025-02-25T09:00:00,case_closed,Kintara Cave and Pollinator Authority,,Tembara Customs Coordination Unit,civil society referral,integrity review,KNT-SEN,SHP-2025-00005,action_required,closed,action recorded,
RGE-000063,REG-2023-0011,wildlife_inspection,2023-09-21T10:00:00,case_opened,Kintara Rural Transport Board,,Tembara Customs Coordination Unit,routine referral,case review,KNT-CYP,,new,open,case registered,PUB-2023-0012
RGE-000064,REG-2023-0011,wildlife_inspection,2023-09-23T10:00:00,evidence_received,Kintara Rural Transport Board,,Tembara Customs Coordination Unit,routine referral,case review,KNT-CYP,,open,evidence_review,records received,PUB-2023-0012
RGE-000065,REG-2023-0011,wildlife_inspection,2023-09-25T10:00:00,triage_review,Kintara Rural Transport Board,,Tembara Customs Coordination Unit,routine referral,case review,KNT-CYP,,evidence_review,assigned,case assigned,PUB-2023-0012
RGE-000066,REG-2023-0011,wildlife_inspection,2023-09-28T10:00:00,inspection_scheduled,Kintara Rural Transport Board,,Tembara Customs Coordination Unit,routine referral,case review,KNT-CYP,,assigned,inspection_pending,inspection scheduled,PUB-2023-0012
RGE-000067,REG-2023-0011,wildlife_inspection,2023-10-03T10:00:00,inspection_completed,Kintara Rural Transport Board,,Tembara Customs Coordination Unit,routine referral,case review,KNT-CYP,,inspection_pending,findings_review,inspection completed,PUB-2023-0012
RGE-000068,REG-2023-0011,wildlife_inspection,2023-10-06T10:00:00,finding_issued,Kintara Rural Transport Board,,Tembara Customs Coordination Unit,routine referral,case review,KNT-CYP,,findings_review,action_required,corrective action requested,PUB-2023-0012
RGE-000069,REG-2023-0011,wildlife_inspection,2023-10-26T10:00:00,case_closed,Kintara Rural Transport Board,,Tembara Customs Coordination Unit,routine referral,case review,KNT-CYP,,action_required,closed,corrective action accepted,PUB-2023-0012
RGE-000070,REG-2019-0012,procurement_review,2019-09-03T10:00:00,case_opened,Auric Medical Supplies,REG-VLN-20004,Orison Medical Audit Board,routine referral,case review,,,new,open,case registered,
RGE-000071,REG-2019-0012,procurement_review,2019-09-05T10:00:00,evidence_received,Auric Medical Supplies,REG-VLN-20004,Orison Medical Audit Board,routine referral,case review,,,open,evidence_review,records received,
RGE-000072,REG-2019-0012,procurement_review,2019-09-07T10:00:00,triage_review,Auric Medical Supplies,REG-VLN-20004,Orison Medical Audit Board,routine referral,case review,,,evidence_review,assigned,case assigned,
RGE-000073,REG-2019-0012,procurement_review,2019-09-13T10:00:00,technical_review,Auric Medical Supplies,REG-VLN-20004,Orison Medical Audit Board,routine referral,case review,,,assigned,findings_review,technical review completed,
RGE-000074,REG-2019-0012,procurement_review,2019-09-21T10:00:00,case_closed,Auric Medical Supplies,REG-VLN-20004,Orison Medical Audit Board,routine referral,case review,,,findings_review,closed,case closed without further action,
RGE-000075,REG-2017-0013,medical_audit,2017-09-12T10:00:00,case_opened,Lumen Protective Equipment,REG-VLN-20016,Avelora Food Standards Office,routine referral,case review,,,new,open,case registered,
RGE-000076,REG-2017-0013,medical_audit,2017-09-14T10:00:00,evidence_received,Lumen Protective Equipment,REG-VLN-20016,Avelora Food Standards Office,routine referral,case review,,,open,evidence_review,records received,
RGE-000077,REG-2017-0013,medical_audit,2017-09-16T10:00:00,triage_review,Lumen Protective Equipment,REG-VLN-20016,Avelora Food Standards Office,routine referral,case review,,,evidence_review,assigned,case assigned,
RGE-000078,REG-2017-0013,medical_audit,2017-09-19T10:00:00,inspection_scheduled,Lumen Protective Equipment,REG-VLN-20016,Avelora Food Standards Office,routine referral,case review,,,assigned,inspection_pending,inspection scheduled,
RGE-000079,REG-2017-0013,medical_audit,2017-09-24T10:00:00,inspection_completed,Lumen Protective Equipment,REG-VLN-20016,Avelora Food Standards Office,routine referral,case review,,,inspection_pending,findings_review,inspection completed,
RGE-000080,REG-2017-0013,medical_audit,2017-09-30T10:00:00,case_closed,Lumen Protective Equipment,REG-VLN-20016,Avelora Food Standards Office,routine referral,case review,,,findings_review,closed,case closed without further action,
RGE-000081,REG-2020-0014,corporate_transparency,2020-04-23T10:00:00,case_opened,Willow Regional Media Service,REG-AVL-20030,Valenne Public Procurement Authority,routine referral,case review,,,new,open,case registered,PUB-2020-0015
RGE-000082,REG-2020-0014,corporate_transparency,2020-04-25T10:00:00,evidence_received,Willow Regional Media Service,REG-AVL-20030,Valenne Public Procurement Authority,routine referral,case review,,,open,evidence_review,records received,PUB-2020-0015
RGE-000083,REG-2020-0014,corporate_transparency,2020-04-27T10:00:00,triage_review,Willow Regional Media Service,REG-AVL-20030,Valenne Public Procurement Authority,routine referral,case review,,,evidence_review,assigned,case assigned,PUB-2020-0015
RGE-000084,REG-2020-0014,corporate_transparency,2020-05-03T10:00:00,technical_review,Willow Regional Media Service,REG-AVL-20030,Valenne Public Procurement Authority,routine referral,case review,,,assigned,findings_review,technical review completed,PUB-2020-0015
RGE-000085,REG-2020-0014,corporate_transparency,2020-05-11T10:00:00,case_closed,Willow Regional Media Service,REG-AVL-20030,Valenne Public Procurement Authority,routine referral,case review,,,findings_review,closed,case closed without further action,PUB-2020-0015
RGE-000086,REG-2022-0015,environmental_complaint,2022-02-12T10:00:00,case_opened,Kintara Cave and Pollinator Authority,,Nordhaven Maritime Safety Agency,routine referral,case review,KNT-JAK,,new,open,case registered,
RGE-000087,REG-2022-0015,environmental_complaint,2022-02-14T10:00:00,evidence_received,Kintara Cave and Pollinator Authority,,Nordhaven Maritime Safety Agency,routine referral,case review,KNT-JAK,,open,evidence_review,records received,
RGE-000088,REG-2022-0015,environmental_complaint,2022-02-16T10:00:00,triage_review,Kintara Cave and Pollinator Authority,,Nordhaven Maritime Safety Agency,routine referral,case review,KNT-JAK,,evidence_review,assigned,case assigned,
RGE-000089,REG-2022-0015,environmental_complaint,2022-02-22T10:00:00,technical_review,Kintara Cave and Pollinator Authority,,Nordhaven Maritime Safety Agency,routine referral,case review,KNT-JAK,,assigned,findings_review,technical review completed,
RGE-000090,REG-2022-0015,environmental_complaint,2022-03-02T10:00:00,case_closed,Kintara Cave and Pollinator Authority,,Nordhaven Maritime Safety Agency,routine referral,case review,KNT-JAK,,findings_review,closed,case closed without further action,
RGE-000091,REG-2022-0016,shipment_inspection,2022-10-15T10:00:00,case_opened,Kestrel Conservation Services,REG-KNT-20014,Tembara Customs Coordination Unit,routine referral,case review,,SHP-2021-00019,new,open,case registered,
RGE-000092,REG-2022-0016,shipment_inspection,2022-10-17T10:00:00,evidence_received,Kestrel Conservation Services,REG-KNT-20014,Tembara Customs Coordination Unit,routine referral,case review,,SHP-2021-00019,open,evidence_review,records received,
RGE-000093,REG-2022-0016,shipment_inspection,2022-10-19T10:00:00,triage_review,Kestrel Conservation Services,REG-KNT-20014,Tembara Customs Coordination Unit,routine referral,case review,,SHP-2021-00019,evidence_review,assigned,case assigned,
RGE-000094,REG-2022-0016,shipment_inspection,2022-10-22T10:00:00,inspection_scheduled,Kestrel Conservation Services,REG-KNT-20014,Tembara Customs Coordination Unit,routine referral,case review,,SHP-2021-00019,assigned,inspection_pending,inspection scheduled,
RGE-000095,REG-2022-0016,shipment_inspection,2022-10-27T10:00:00,inspection_completed,Kestrel Conservation Services,REG-KNT-20014,Tembara Customs Coordination Unit,routine referral,case review,,SHP-2021-00019,inspection_pending,findings_review,inspection completed,
RGE-000096,REG-2022-0016,shipment_inspection,2022-11-02T10:00:00,case_closed,Kestrel Conservation Services,REG-KNT-20014,Tembara Customs Coordination Unit,routine referral,case review,,SHP-2021-00019,findings_review,closed,case closed without further action,
RGE-000097,REG-2018-0017,wildlife_inspection,2018-04-04T10:00:00,case_opened,Avelora Agricultural Resilience Agency,,Orison Medical Audit Board,routine referral,case review,KNT-VLB,,new,open,case registered,PUB-2018-0018
RGE-000098,REG-2018-0017,wildlife_inspection,2018-04-06T10:00:00,evidence_received,Avelora Agricultural Resilience Agency,,Orison Medical Audit Board,routine referral,case review,KNT-VLB,,open,evidence_review,records received,PUB-2018-0018
RGE-000099,REG-2018-0017,wildlife_inspection,2018-04-08T10:00:00,triage_review,Avelora Agricultural Resilience Agency,,Orison Medical Audit Board,routine referral,case review,KNT-VLB,,evidence_review,assigned,case assigned,PUB-2018-0018
RGE-000100,REG-2018-0017,wildlife_inspection,2018-04-11T10:00:00,inspection_scheduled,Avelora Agricultural Resilience Agency,,Orison Medical Audit Board,routine referral,case review,KNT-VLB,,assigned,inspection_pending,inspection scheduled,PUB-2018-0018
RGE-000101,REG-2018-0017,wildlife_inspection,2018-04-16T10:00:00,inspection_completed,Avelora Agricultural Resilience Agency,,Orison Medical Audit Board,routine referral,case review,KNT-VLB,,inspection_pending,findings_review,inspection completed,PUB-2018-0018
RGE-000102,REG-2018-0017,wildlife_inspection,2018-04-19T10:00:00,finding_issued,Avelora Agricultural Resilience Agency,,Orison Medical Audit Board,routine referral,case review,KNT-VLB,,findings_review,action_required,corrective action requested,
RGE-000103,REG-2018-0017,wildlife_inspection,2018-05-09T10:00:00,case_closed,Avelora Agricultural Resilience Agency,,Orison Medical Audit Board,routine referral,case review,KNT-VLB,,action_required,closed,corrective action accepted,PUB-2018-0018
RGE-000104,REG-2016-0018,procurement_review,2016-04-10T10:00:00,case_opened,Velin Packaging Industries,REG-AVL-20021,Avelora Food Standards Office,routine referral,case review,,,new,open,case registered,
RGE-000105,REG-2016-0018,procurement_review,2016-04-12T10:00:00,evidence_received,Velin Packaging Industries,REG-AVL-20021,Avelora Food Standards Office,routine referral,case review,,,open,evidence_review,records received,
RGE-000106,REG-2016-0018,procurement_review,2016-04-14T10:00:00,triage_review,Velin Packaging Industries,REG-AVL-20021,Avelora Food Standards Office,routine referral,case review,,,evidence_review,assigned,case assigned,
RGE-000107,REG-2016-0018,procurement_review,2016-04-20T10:00:00,technical_review,Velin Packaging Industries,REG-AVL-20021,Avelora Food Standards Office,routine referral,case review,,,assigned,findings_review,technical review completed,
RGE-000108,REG-2016-0018,procurement_review,2016-04-28T10:00:00,case_closed,Velin Packaging Industries,REG-AVL-20021,Avelora Food Standards Office,routine referral,case review,,,findings_review,closed,case closed without further action,
RGE-000109,REG-2019-0019,medical_audit,2019-09-14T10:00:00,case_opened,North Quay Biomedical Storage,REG-NDH-20039,Valenne Public Procurement Authority,routine referral,case review,,,new,open,case registered,
RGE-000110,REG-2019-0019,medical_audit,2019-09-16T10:00:00,evidence_received,North Quay Biomedical Storage,REG-NDH-20039,Valenne Public Procurement Authority,routine referral,case review,,,open,evidence_review,records received,
RGE-000111,REG-2019-0019,medical_audit,2019-09-18T10:00:00,triage_review,North Quay Biomedical Storage,REG-NDH-20039,Valenne Public Procurement Authority,routine referral,case review,,,evidence_review,assigned,case assigned,
RGE-000112,REG-2019-0019,medical_audit,2019-09-21T10:00:00,inspection_scheduled,North Quay Biomedical Storage,REG-NDH-20039,Valenne Public Procurement Authority,routine referral,case review,,,assigned,inspection_pending,inspection scheduled,
RGE-000113,REG-2019-0019,medical_audit,2019-09-26T10:00:00,inspection_completed,North Quay Biomedical Storage,REG-NDH-20039,Valenne Public Procurement Authority,routine referral,case review,,,inspection_pending,findings_review,inspection completed,
RGE-000114,REG-2019-0019,medical_audit,2019-10-02T10:00:00,case_closed,North Quay Biomedical Storage,REG-NDH-20039,Valenne Public Procurement Authority,routine referral,case review,,,findings_review,closed,case closed without further action,
RGE-000115,REG-2019-0020,corporate_transparency,2019-12-26T10:00:00,case_opened,Horizon Field Research Cooperative,REG-AVL-01013,Tembara Customs Coordination Unit,routine referral,case review,,,new,open,case registered,PUB-2019-0021
RGE-000116,REG-2019-0020,corporate_transparency,2019-12-28T10:00:00,evidence_received,Horizon Field Research Cooperative,REG-AVL-01013,Tembara Customs Coordination Unit,routine referral,case review,,,open,evidence_review,records received,PUB-2019-0021
RGE-000117,REG-2019-0020,corporate_transparency,2019-12-30T10:00:00,triage_review,Horizon Field Research Cooperative,REG-AVL-01013,Tembara Customs Coordination Unit,routine referral,case review,,,evidence_review,assigned,case assigned,PUB-2019-0021
RGE-000118,REG-2019-0020,corporate_transparency,2020-01-05T10:00:00,technical_review,Horizon Field Research Cooperative,REG-AVL-01013,Tembara Customs Coordination Unit,routine referral,case review,,,assigned,findings_review,technical review completed,PUB-2019-0021
RGE-000119,REG-2019-0020,corporate_transparency,2020-01-13T10:00:00,case_closed,Horizon Field Research Cooperative,REG-AVL-01013,Tembara Customs Coordination Unit,routine referral,case review,,,findings_review,closed,case closed without further action,PUB-2019-0021
RGE-000120,REG-2023-0021,environmental_complaint,2023-04-20T10:00:00,case_opened,Office of the Kintara Chancellor,,Nordhaven Maritime Safety Agency,routine referral,case review,KNT-DMJ,,new,open,case registered,
RGE-000121,REG-2023-0021,environmental_complaint,2023-04-22T10:00:00,evidence_received,Office of the Kintara Chancellor,,Nordhaven Maritime Safety Agency,routine referral,case review,KNT-DMJ,,open,evidence_review,records received,
RGE-000122,REG-2023-0021,environmental_complaint,2023-04-24T10:00:00,triage_review,Office of the Kintara Chancellor,,Nordhaven Maritime Safety Agency,routine referral,case review,KNT-DMJ,,evidence_review,assigned,case assigned,
RGE-000123,REG-2023-0021,environmental_complaint,2023-04-30T10:00:00,technical_review,Office of the Kintara Chancellor,,Nordhaven Maritime Safety Agency,routine referral,case review,KNT-DMJ,,assigned,findings_review,technical review completed,
RGE-000124,REG-2023-0021,environmental_complaint,2023-05-08T10:00:00,case_closed,Office of the Kintara Chancellor,,Nordhaven Maritime Safety Agency,routine referral,case review,KNT-DMJ,,findings_review,closed,case closed without further action,
RGE-000125,REG-2022-0022,shipment_inspection,2022-10-13T10:00:00,case_opened,Garnet Scientific Instruments,REG-TMB-20031,Valenne Public Procurement Authority,routine referral,case review,,SHP-2016-00012,new,open,case registered,
RGE-000126,REG-2022-0022,shipment_inspection,2022-10-15T10:00:00,evidence_received,Garnet Scientific Instruments,REG-TMB-20031,Valenne Public Procurement Authority,routine referral,case review,,SHP-2016-00012,open,evidence_review,records received,
RGE-000127,REG-2022-0022,shipment_inspection,2022-10-17T10:00:00,triage_review,Garnet Scientific Instruments,REG-TMB-20031,Valenne Public Procurement Authority,routine referral,case review,,SHP-2016-00012,evidence_review,assigned,case assigned,
RGE-000128,REG-2022-0022,shipment_inspection,2022-10-20T10:00:00,inspection_scheduled,Garnet Scientific Instruments,REG-TMB-20031,Valenne Public Procurement Authority,routine referral,case review,,SHP-2016-00012,assigned,inspection_pending,inspection scheduled,
RGE-000129,REG-2022-0022,shipment_inspection,2022-10-25T10:00:00,inspection_completed,Garnet Scientific Instruments,REG-TMB-20031,Valenne Public Procurement Authority,routine referral,case review,,SHP-2016-00012,inspection_pending,findings_review,inspection completed,
RGE-000130,REG-2022-0022,shipment_inspection,2022-10-31T10:00:00,case_closed,Garnet Scientific Instruments,REG-TMB-20031,Valenne Public Procurement Authority,routine referral,case review,,SHP-2016-00012,findings_review,closed,case closed without further action,
RGE-000131,REG-2022-0023,wildlife_inspection,2022-10-27T10:00:00,case_opened,Office of the Kintara Chancellor,,Tembara Customs Coordination Unit,routine referral,case review,KNT-QWU,,new,open,case registered,PUB-2022-0024
RGE-000132,REG-2022-0023,wildlife_inspection,2022-10-29T10:00:00,evidence_received,Office of the Kintara Chancellor,,Tembara Customs Coordination Unit,routine referral,case review,KNT-QWU,,open,evidence_review,records received,PUB-2022-0024
RGE-000133,REG-2022-0023,wildlife_inspection,2022-10-31T10:00:00,triage_review,Office of the Kintara Chancellor,,Tembara Customs Coordination Unit,routine referral,case review,KNT-QWU,,evidence_review,assigned,case assigned,PUB-2022-0024
RGE-000134,REG-2022-0023,wildlife_inspection,2022-11-03T10:00:00,inspection_scheduled,Office of the Kintara Chancellor,,Tembara Customs Coordination Unit,routine referral,case review,KNT-QWU,,assigned,inspection_pending,inspection scheduled,PUB-2022-0024
RGE-000135,REG-2022-0023,wildlife_inspection,2022-11-08T10:00:00,inspection_completed,Office of the Kintara Chancellor,,Tembara Customs Coordination Unit,routine referral,case review,KNT-QWU,,inspection_pending,findings_review,inspection completed,PUB-2022-0024
RGE-000136,REG-2022-0023,wildlife_inspection,2022-11-11T10:00:00,finding_issued,Office of the Kintara Chancellor,,Tembara Customs Coordination Unit,routine referral,case review,KNT-QWU,,findings_review,action_required,corrective action requested,PUB-2022-0024
RGE-000137,REG-2022-0023,wildlife_inspection,2022-12-01T10:00:00,case_closed,Office of the Kintara Chancellor,,Tembara Customs Coordination Unit,routine referral,case review,KNT-QWU,,action_required,closed,corrective action accepted,PUB-2022-0024
RGE-000138,REG-2019-0024,procurement_review,2019-09-22T10:00:00,case_opened,Northstar Cold Chain Services,REG-TMB-01003,Nordhaven Maritime Safety Agency,routine referral,case review,,,new,open,case registered,
RGE-000139,REG-2019-0024,procurement_review,2019-09-24T10:00:00,evidence_received,Northstar Cold Chain Services,REG-TMB-01003,Nordhaven Maritime Safety Agency,routine referral,case review,,,open,evidence_review,records received,
RGE-000140,REG-2019-0024,procurement_review,2019-09-26T10:00:00,triage_review,Northstar Cold Chain Services,REG-TMB-01003,Nordhaven Maritime Safety Agency,routine referral,case review,,,evidence_review,assigned,case assigned,
RGE-000141,REG-2019-0024,procurement_review,2019-10-02T10:00:00,technical_review,Northstar Cold Chain Services,REG-TMB-01003,Nordhaven Maritime Safety Agency,routine referral,case review,,,assigned,findings_review,technical review completed,
RGE-000142,REG-2019-0024,procurement_review,2019-10-10T10:00:00,case_closed,Northstar Cold Chain Services,REG-TMB-01003,Nordhaven Maritime Safety Agency,routine referral,case review,,,findings_review,closed,case closed without further action,
RGE-000143,REG-2022-0025,medical_audit,2022-10-16T10:00:00,case_opened,Vale Strategy Collective,REG-VLN-01006,Nordhaven Maritime Safety Agency,routine referral,case review,,,new,open,case registered,
RGE-000144,REG-2022-0025,medical_audit,2022-10-18T10:00:00,evidence_received,Vale Strategy Collective,REG-VLN-01006,Nordhaven Maritime Safety Agency,routine referral,case review,,,open,evidence_review,records received,
RGE-000145,REG-2022-0025,medical_audit,2022-10-20T10:00:00,triage_review,Vale Strategy Collective,REG-VLN-01006,Nordhaven Maritime Safety Agency,routine referral,case review,,,evidence_review,assigned,case assigned,
RGE-000146,REG-2022-0025,medical_audit,2022-10-23T10:00:00,inspection_scheduled,Vale Strategy Collective,REG-VLN-01006,Nordhaven Maritime Safety Agency,routine referral,case review,,,assigned,inspection_pending,inspection scheduled,
RGE-000147,REG-2022-0025,medical_audit,2022-10-28T10:00:00,inspection_completed,Vale Strategy Collective,REG-VLN-01006,Nordhaven Maritime Safety Agency,routine referral,case review,,,inspection_pending,findings_review,inspection completed,
RGE-000148,REG-2022-0025,medical_audit,2022-11-03T10:00:00,case_closed,Vale Strategy Collective,REG-VLN-01006,Nordhaven Maritime Safety Agency,routine referral,case review,,,findings_review,closed,case closed without further action,
RGE-000149,REG-2023-0026,corporate_transparency,2023-09-10T10:00:00,case_opened,Cedar Public Affairs Advisory,REG-VLN-20035,Avelora Food Standards Office,routine referral,case review,,,new,open,case registered,PUB-2023-0027
RGE-000150,REG-2023-0026,corporate_transparency,2023-09-12T10:00:00,evidence_received,Cedar Public Affairs Advisory,REG-VLN-20035,Avelora Food Standards Office,routine referral,case review,,,open,evidence_review,records received,PUB-2023-0027
RGE-000151,REG-2023-0026,corporate_transparency,2023-09-14T10:00:00,triage_review,Cedar Public Affairs Advisory,REG-VLN-20035,Avelora Food Standards Office,routine referral,case review,,,evidence_review,assigned,case assigned,PUB-2023-0027
RGE-000152,REG-2023-0026,corporate_transparency,2023-09-20T10:00:00,technical_review,Cedar Public Affairs Advisory,REG-VLN-20035,Avelora Food Standards Office,routine referral,case review,,,assigned,findings_review,technical review completed,PUB-2023-0027
RGE-000153,REG-2023-0026,corporate_transparency,2023-09-28T10:00:00,case_closed,Cedar Public Affairs Advisory,REG-VLN-20035,Avelora Food Standards Office,routine referral,case review,,,findings_review,closed,case closed without further action,PUB-2023-0027
RGE-000154,REG-2021-0027,environmental_complaint,2021-05-21T10:00:00,case_opened,Civic Health Purchasing Network,REG-VLN-20003,Valenne Public Procurement Authority,routine referral,case review,KNT-TEX,,new,open,case registered,
RGE-000155,REG-2021-0027,environmental_complaint,2021-05-23T10:00:00,evidence_received,Civic Health Purchasing Network,REG-VLN-20003,Valenne Public Procurement Authority,routine referral,case review,KNT-TEX,,open,evidence_review,records received,
RGE-000156,REG-2021-0027,environmental_complaint,2021-05-25T10:00:00,triage_review,Civic Health Purchasing Network,REG-VLN-20003,Valenne Public Procurement Authority,routine referral,case review,KNT-TEX,,evidence_review,assigned,case assigned,
RGE-000157,REG-2021-0027,environmental_complaint,2021-05-31T10:00:00,technical_review,Civic Health Purchasing Network,REG-VLN-20003,Valenne Public Procurement Authority,routine referral,case review,KNT-TEX,,assigned,findings_review,technical review completed,
RGE-000158,REG-2021-0027,environmental_complaint,2021-06-08T10:00:00,case_closed,Civic Health Purchasing Network,REG-VLN-20003,Valenne Public Procurement Authority,routine referral,case review,KNT-TEX,,findings_review,closed,case closed without further action,
RGE-000159,REG-2020-0028,shipment_inspection,2020-10-10T10:00:00,case_opened,Avelora Orchard Export Union,REG-AVL-20007,Avelora Food Standards Office,routine referral,case review,,SHP-2019-00009,new,open,case registered,
RGE-000160,REG-2020-0028,shipment_inspection,2020-10-12T10:00:00,evidence_received,Avelora Orchard Export Union,REG-AVL-20007,Avelora Food Standards Office,routine referral,case review,,SHP-2019-00009,open,evidence_review,records received,
RGE-000161,REG-2020-0028,shipment_inspection,2020-10-14T10:00:00,triage_review,Avelora Orchard Export Union,REG-AVL-20007,Avelora Food Standards Office,routine referral,case review,,SHP-2019-00009,evidence_review,assigned,case assigned,
RGE-000162,REG-2020-0028,shipment_inspection,2020-10-17T10:00:00,inspection_scheduled,Avelora Orchard Export Union,REG-AVL-20007,Avelora Food Standards Office,routine referral,case review,,SHP-2019-00009,assigned,inspection_pending,inspection scheduled,
RGE-000163,REG-2020-0028,shipment_inspection,2020-10-22T10:00:00,inspection_completed,Avelora Orchard Export Union,REG-AVL-20007,Avelora Food Standards Office,routine referral,case review,,SHP-2019-00009,inspection_pending,findings_review,inspection completed,
RGE-000164,REG-2020-0028,shipment_inspection,2020-10-28T10:00:00,case_closed,Avelora Orchard Export Union,REG-AVL-20007,Avelora Food Standards Office,routine referral,case review,,SHP-2019-00009,findings_review,closed,case closed without further action,
RGE-000165,REG-2018-0029,wildlife_inspection,2018-04-01T10:00:00,case_opened,Velin Packaging Industries,REG-AVL-20021,Valenne Public Procurement Authority,routine referral,case review,KNT-XAC,,new,open,case registered,PUB-2018-0030
RGE-000166,REG-2018-0029,wildlife_inspection,2018-04-03T10:00:00,evidence_received,Velin Packaging Industries,REG-AVL-20021,Valenne Public Procurement Authority,routine referral,case review,KNT-XAC,,open,evidence_review,records received,PUB-2018-0030
RGE-000167,REG-2018-0029,wildlife_inspection,2018-04-05T10:00:00,triage_review,Velin Packaging Industries,REG-AVL-20021,Valenne Public Procurement Authority,routine referral,case review,KNT-XAC,,evidence_review,assigned,case assigned,PUB-2018-0030
RGE-000168,REG-2018-0029,wildlife_inspection,2018-04-08T10:00:00,inspection_scheduled,Velin Packaging Industries,REG-AVL-20021,Valenne Public Procurement Authority,routine referral,case review,KNT-XAC,,assigned,inspection_pending,inspection scheduled,PUB-2018-0030
RGE-000169,REG-2018-0029,wildlife_inspection,2018-04-13T10:00:00,inspection_completed,Velin Packaging Industries,REG-AVL-20021,Valenne Public Procurement Authority,routine referral,case review,KNT-XAC,,inspection_pending,findings_review,inspection completed,PUB-2018-0030
RGE-000170,REG-2018-0029,wildlife_inspection,2018-04-16T10:00:00,finding_issued,Velin Packaging Industries,REG-AVL-20021,Valenne Public Procurement Authority,routine referral,case review,KNT-XAC,,findings_review,action_required,corrective action requested,PUB-2018-0030
RGE-000171,REG-2018-0029,wildlife_inspection,2018-05-06T10:00:00,case_closed,Velin Packaging Industries,REG-AVL-20021,Valenne Public Procurement Authority,routine referral,case review,KNT-XAC,,action_required,closed,corrective action accepted,PUB-2018-0030
RGE-000172,REG-2020-0030,procurement_review,2020-09-16T10:00:00,case_opened,Office of the Kintara Chancellor,,Nordhaven Maritime Safety Agency,routine referral,case review,,,new,open,case registered,
RGE-000173,REG-2020-0030,procurement_review,2020-09-18T10:00:00,evidence_received,Office of the Kintara Chancellor,,Nordhaven Maritime Safety Agency,routine referral,case review,,,open,evidence_review,records received,
RGE-000174,REG-2020-0030,procurement_review,2020-09-20T10:00:00,triage_review,Office of the Kintara Chancellor,,Nordhaven Maritime Safety Agency,routine referral,case review,,,evidence_review,assigned,case assigned,
RGE-000175,REG-2020-0030,procurement_review,2020-09-26T10:00:00,Technical_Review,Office of the Kintara Chancellor,,Nordhaven Maritime Safety Agency,routine referral,case review,,,assigned,findings_review,technical review completed,
RGE-000176,REG-2020-0030,procurement_review,2020-10-04T10:00:00,case_closed,Office of the Kintara Chancellor,,Nordhaven Maritime Safety Agency,routine referral,case review,,,findings_review,closed,case closed without further action,
RGE-000177,REG-2019-0031,medical_audit,2019-03-25T10:00:00,case_opened,Whitehaven Strategic Holdings,REG-VLN-01004,Valenne Public Procurement Authority,routine referral,case review,,,new,open,case registered,
RGE-000178,REG-2019-0031,medical_audit,2019-03-27T10:00:00,evidence_received,Whitehaven Strategic Holdings,REG-VLN-01004,Valenne Public Procurement Authority,routine referral,case review,,,open,evidence_review,records received,
RGE-000179,REG-2019-0031,medical_audit,2019-03-29T10:00:00,triage_review,Whitehaven Strategic Holdings,REG-VLN-01004,Valenne Public Procurement Authority,routine referral,case review,,,evidence_review,assigned,case assigned,
RGE-000180,REG-2019-0031,medical_audit,2019-04-01T10:00:00,inspection_scheduled,Whitehaven Strategic Holdings,REG-VLN-01004,Valenne Public Procurement Authority,routine referral,case review,,,assigned,inspection_pending,inspection scheduled,
RGE-000181,REG-2019-0031,medical_audit,2019-04-06T10:00:00,inspection_completed,Whitehaven Strategic Holdings,REG-VLN-01004,Valenne Public Procurement Authority,routine referral,case review,,,inspection_pending,findings_review,inspection completed,
RGE-000182,REG-2019-0031,medical_audit,2019-04-12T10:00:00,case_closed,Whitehaven Strategic Holdings,REG-VLN-01004,Valenne Public Procurement Authority,routine referral,case review,,,findings_review,closed,case closed without further action,
RGE-000183,REG-2019-0032,corporate_transparency,2019-09-07T10:00:00,case_opened,Earth Ledger Project,REG-NDH-01011,Tembara Customs Coordination Unit,routine referral,case review,,,new,open,case registered,PUB-2019-0033
RGE-000184,REG-2019-0032,corporate_transparency,2019-09-09T10:00:00,evidence_received,Earth Ledger Project,REG-NDH-01011,Tembara Customs Coordination Unit,routine referral,case review,,,open,evidence_review,records received,PUB-2019-0033
RGE-000185,REG-2019-0032,corporate_transparency,2019-09-11T10:00:00,triage_review,Earth Ledger Project,REG-NDH-01011,Tembara Customs Coordination Unit,routine referral,case review,,,evidence_review,assigned,case assigned,PUB-2019-0033
RGE-000186,REG-2019-0032,corporate_transparency,2019-09-17T10:00:00,technical_review,Earth Ledger Project,REG-NDH-01011,Tembara Customs Coordination Unit,routine referral,case review,,,assigned,findings_review,technical review completed,PUB-2019-0033
RGE-000187,REG-2019-0032,corporate_transparency,2019-09-25T10:00:00,case_closed,Earth Ledger Project,REG-NDH-01011,Tembara Customs Coordination Unit,routine referral,case review,,,findings_review,closed,case closed without further action,PUB-2019-0033
RGE-000188,REG-2016-0033,environmental_complaint,2016-05-03T10:00:00,case_opened,Northstar Cold Chain Services,REG-TMB-01003,Avelora Food Standards Office,routine referral,case review,AVL-GRB,,new,open,case registered,
RGE-000189,REG-2016-0033,environmental_complaint,2016-05-05T10:00:00,evidence_received,Northstar Cold Chain Services,REG-TMB-01003,Avelora Food Standards Office,routine referral,case review,AVL-GRB,,open,evidence_review,records received,
RGE-000190,REG-2016-0033,environmental_complaint,2016-05-07T10:00:00,Triage_Review,Northstar Cold Chain Services,REG-TMB-01003,Avelora Food Standards Office,routine referral,case review,AVL-GRB,,evidence_review,assigned,case assigned,
RGE-000191,REG-2016-0033,environmental_complaint,2016-05-13T10:00:00,technical_review,Northstar Cold Chain Services,REG-TMB-01003,Avelora Food Standards Office,routine referral,case review,AVL-GRB,,assigned,findings_review,technical review completed,
RGE-000192,REG-2016-0033,environmental_complaint,2016-05-21T10:00:00,case_closed,Northstar Cold Chain Services,REG-TMB-01003,Avelora Food Standards Office,routine referral,case review,AVL-GRB,,findings_review,closed,case closed without further action,
RGE-000193,REG-2023-0034,shipment_inspection,2023-04-19T10:00:00,case_opened,Kintara Field Equipment Cooperative,REG-KNT-20006,Orison Medical Audit Board,routine referral,case review,,SHP-2024-00023,new,open,case registered,
RGE-000194,REG-2023-0034,shipment_inspection,2023-04-21T10:00:00,evidence_received,Kintara Field Equipment Cooperative,REG-KNT-20006,Orison Medical Audit Board,routine referral,case review,,SHP-2024-00023,open,evidence_review,records received,
RGE-000195,REG-2023-0034,shipment_inspection,2023-04-23T10:00:00,triage_review,Kintara Field Equipment Cooperative,REG-KNT-20006,Orison Medical Audit Board,routine referral,case review,,SHP-2024-00023,evidence_review,assigned,case assigned,
RGE-000196,REG-2023-0034,shipment_inspection,2023-04-26T10:00:00,inspection_scheduled,Kintara Field Equipment Cooperative,REG-KNT-20006,Orison Medical Audit Board,routine referral,case review,,SHP-2024-00023,assigned,inspection_pending,inspection scheduled,
RGE-000197,REG-2023-0034,shipment_inspection,2023-05-01T10:00:00,inspection_completed,Kintara Field Equipment Cooperative,REG-KNT-20006,Orison Medical Audit Board,routine referral,case review,,SHP-2024-00023,inspection_pending,findings_review,inspection completed,
RGE-000198,REG-2023-0034,shipment_inspection,2023-05-07T10:00:00,case_closed,Kintara Field Equipment Cooperative,REG-KNT-20006,Orison Medical Audit Board,routine referral,case review,,SHP-2024-00023,findings_review,closed,case closed without further action,
RGE-000199,REG-2022-0035,wildlife_inspection,2022-05-04T10:00:00,case_opened,Riverstone Waste Management,REG-AVL-20036,Valenne Public Procurement Authority,routine referral,case review,AVL-HTY,,new,open,case registered,PUB-2022-0036
RGE-000200,REG-2022-0035,wildlife_inspection,2022-05-06T10:00:00,evidence_received,Riverstone Waste Management,REG-AVL-20036,Valenne Public Procurement Authority,routine referral,case review,AVL-HTY,,open,evidence_review,records received,PUB-2022-0036
RGE-000201,REG-2022-0035,wildlife_inspection,2022-05-08T10:00:00,triage_review,Riverstone Waste Management,REG-AVL-20036,Valenne Public Procurement Authority,routine referral,case review,AVL-HTY,,evidence_review,assigned,case assigned,PUB-2022-0036
RGE-000202,REG-2022-0035,wildlife_inspection,2022-05-11T10:00:00,inspection_scheduled,Riverstone Waste Management,REG-AVL-20036,Valenne Public Procurement Authority,routine referral,case review,AVL-HTY,,assigned,inspection_pending,inspection scheduled,PUB-2022-0036
RGE-000203,REG-2022-0035,wildlife_inspection,2022-05-16T10:00:00,inspection_completed,Riverstone Waste Management,REG-AVL-20036,Valenne Public Procurement Authority,routine referral,case review,AVL-HTY,,inspection_pending,findings_review,inspection completed,PUB-2022-0036
RGE-000204,REG-2022-0035,wildlife_inspection,2022-05-19T10:00:00,finding_issued,Riverstone Waste Management,REG-AVL-20036,Valenne Public Procurement Authority,routine referral,case review,AVL-HTY,,findings_review,action_required,corrective action requested,PUB-2022-0036
RGE-000205,REG-2022-0035,wildlife_inspection,08-Jun-2022 10:00:00,case_closed,Riverstone Waste Management,REG-AVL-20036,Valenne Public Procurement Authority,routine referral,case review,AVL-HTY,,action_required,closed,corrective action accepted,PUB-2022-0036
RGE-000206,REG-2024-0036,procurement_review,2024-06-13T10:00:00,case_opened,Pollinator Justice Network,REG-AVL-01009,Avelora Food Standards Office,routine referral,case review,,,new,open,case registered,
RGE-000207,REG-2024-0036,procurement_review,2024-06-15T10:00:00,evidence_received,Pollinator Justice Network,REG-AVL-01009,Avelora Food Standards Office,routine referral,case review,,,open,evidence_review,records received,
RGE-000208,REG-2024-0036,procurement_review,2024-06-17T10:00:00,triage_review,Pollinator Justice Network,REG-AVL-01009,Avelora Food Standards Office,routine referral,case review,,,evidence_review,assigned,case assigned,
RGE-000209,REG-2024-0036,procurement_review,2024-06-23T10:00:00,technical_review,Pollinator Justice Network,REG-AVL-01009,Avelora Food Standards Office,routine referral,case review,,,assigned,findings_review,technical review completed,
RGE-000210,REG-2024-0036,procurement_review,2024-07-01T10:00:00,case_closed,Pollinator Justice Network,REG-AVL-01009,Avelora Food Standards Office,routine referral,case review,,,findings_review,closed,case closed without further action,
RGE-000211,REG-2025-0037,medical_audit,2025-05-12T10:00:00,case_opened,Amber Storage and Transit,REG-KNT-20032,Orison Medical Audit Board,routine referral,case review,,,new,open,case registered,
RGE-000212,REG-2025-0037,medical_audit,2025-05-14T10:00:00,evidence_received,Amber Storage and Transit,REG-KNT-20032,Orison Medical Audit Board,routine referral,case review,,,open,evidence_review,records received,
RGE-000213,REG-2025-0037,medical_audit,2025-05-16T10:00:00,triage_review,Amber Storage and Transit,REG-KNT-20032,Orison Medical Audit Board,routine referral,case review,,,evidence_review,assigned,case assigned,
RGE-000214,REG-2025-0037,medical_audit,2025-05-19T10:00:00,inspection_scheduled,Amber Storage and Transit,REG-KNT-20032,Orison Medical Audit Board,routine referral,case review,,,assigned,inspection_pending,inspection scheduled,
RGE-000215,REG-2025-0037,medical_audit,2025-05-24T10:00:00,inspection_completed,Amber Storage and Transit,REG-KNT-20032,Orison Medical Audit Board,routine referral,case review,,,inspection_pending,findings_review,inspection completed,
RGE-000216,REG-2025-0037,medical_audit,2025-05-30T10:00:00,case_closed,Amber Storage and Transit,REG-KNT-20032,Orison Medical Audit Board,routine referral,case review,,,findings_review,closed,case closed without further action,
RGE-000217,REG-2022-0038,corporate_transparency,2022-02-03T10:00:00,case_opened,Lantern Investigative Bureau,REG-VLN-01010,Valenne Public Procurement Authority,routine referral,case review,,,new,open,case registered,PUB-2022-0039
RGE-000218,REG-2022-0038,corporate_transparency,2022-02-05T10:00:00,evidence_received,Lantern Investigative Bureau,REG-VLN-01010,Valenne Public Procurement Authority,routine referral,case review,,,open,evidence_review,records received,PUB-2022-0039
RGE-000219,REG-2022-0038,corporate_transparency,2022-02-07T10:00:00,triage_review,Lantern Investigative Bureau,REG-VLN-01010,Valenne Public Procurement Authority,routine referral,case review,,,evidence_review,assigned,case assigned,PUB-2022-0039
RGE-000220,REG-2022-0038,corporate_transparency,2022-02-13T10:00:00,technical_review,Lantern Investigative Bureau,REG-VLN-01010,Valenne Public Procurement Authority,routine referral,case review,,,assigned,findings_review,technical review completed,PUB-2022-0039
RGE-000221,REG-2022-0038,corporate_transparency,2022-02-21T10:00:00,case_closed,Lantern Investigative Bureau,REG-VLN-01010,Valenne Public Procurement Authority,routine referral,case review,,,findings_review,closed,case closed without further action,PUB-2022-0039
RGE-000222,REG-2023-0039,environmental_complaint,2023-09-02T10:00:00,case_opened,Valenne Industrial Futures Council,REG-VLN-01005,Valenne Public Procurement Authority,routine referral,case review,AVL-KAR,,new,open,case registered,
RGE-000223,REG-2023-0039,environmental_complaint,2023-09-04T10:00:00,evidence_received,Valenne Industrial Futures Council,REG-VLN-01005,Valenne Public Procurement Authority,routine referral,case review,AVL-KAR,,open,evidence_review,records received,
RGE-000224,REG-2023-0039,environmental_complaint,2023-09-06T10:00:00,triage_review,Valenne Industrial Futures Council,REG-VLN-01005,Valenne Public Procurement Authority,routine referral,case review,AVL-KAR,,evidence_review,assigned,case assigned,
RGE-000225,REG-2023-0039,environmental_complaint,2023-09-12T10:00:00,technical_review,Valenne Industrial Futures Council,REG-VLN-01005,Valenne Public Procurement Authority,routine referral,case review,AVL-KAR,,assigned,findings_review,technical review completed,
RGE-000226,REG-2023-0039,environmental_complaint,2023-09-20T10:00:00,case_closed,Valenne Industrial Futures Council,REG-VLN-01005,Valenne Public Procurement Authority,routine referral,case review,AVL-KAR,,findings_review,closed,case closed without further action,
RGE-000227,REG-2024-0040,shipment_inspection,2024-10-11T10:00:00,case_opened,Riverstone Waste Management,REG-AVL-20036,Avelora Food Standards Office,routine referral,case review,,SHP-2023-00003,new,open,case registered,
RGE-000228,REG-2024-0040,shipment_inspection,2024-10-13T10:00:00,evidence_received,Riverstone Waste Management,REG-AVL-20036,Avelora Food Standards Office,routine referral,case review,,SHP-2023-00003,open,evidence_review,records received,
RGE-000229,REG-2024-0040,shipment_inspection,2024-10-15T10:00:00,triage_review,Riverstone Waste Management,REG-AVL-20036,Avelora Food Standards Office,routine referral,case review,,SHP-2023-00003,evidence_review,assigned,case assigned,
RGE-000230,REG-2024-0040,shipment_inspection,2024-10-18T10:00:00,inspection_scheduled,Riverstone Waste Management,REG-AVL-20036,Avelora Food Standards Office,routine referral,case review,,SHP-2023-00003,assigned,inspection_pending,inspection scheduled,
RGE-000231,REG-2024-0040,shipment_inspection,2024-10-23T10:00:00,inspection_completed,Riverstone Waste Management,REG-AVL-20036,Avelora Food Standards Office,routine referral,case review,,SHP-2023-00003,inspection_pending,findings_review,inspection completed,
RGE-000232,REG-2024-0040,shipment_inspection,2024-10-29T10:00:00,case_closed,Riverstone Waste Management,REG-AVL-20036,Avelora Food Standards Office,routine referral,case review,,SHP-2023-00003,findings_review,closed,case closed without further action,
RGE-000176,REG-2020-0030,procurement_review,2020-10-04T10:00:00,case_closed,Office of the Kintara Chancellor,,Nordhaven Maritime Safety Agency,routine referral,case review,,,findings_review,closed,case closed without further action,
